tau,ICR,on_chain_volume,write_reduction,anchored_flows,attacks_anchored,attacks_missed,benign_anchored,anchor_precision
0.0,1.0,1.0,0.0,3778631,451404,0,3327227,0.11946231320285045
2.651739237080619e-07,0.9999977846895464,0.8376242612734612,0.16237573872653877,3165073,451403,1,2713670,0.1426200912269638
5.303478474161238e-07,0.9999977846895464,0.837622938042905,0.162377061957095,3165068,451403,1,2713665,0.14262031653032414
7.955218279676046e-07,0.9999977846895464,0.83762187945846,0.16237812054154,3165064,451403,1,2713661,0.14262049677352495
1.0606956948322477e-06,0.9999977846895464,0.8376210855201262,0.16237891447987385,3165061,451403,1,2713658,0.14262063195622454
1.3258696753837285e-06,0.9999977846895464,0.8376208208740149,0.1623791791259851,3165060,451403,1,2713657,0.14262067701718134
1.5910436559352092e-06,0.9999977846895464,0.8376176451206799,0.16238235487932007,3165048,451403,1,2713645,0.14262121775088404
1.8562175227998523e-06,0.9999977846895464,0.8375668330673199,0.16243316693268006,3164856,451403,1,2713453,0.14262987004779995
2.1213913896644954e-06,0.9999977846895464,0.8375649805445411,0.1624350194554589,3164849,451403,1,2713446,0.14263018551595985
2.386565483902814e-06,0.9999977846895464,0.8375639219600961,0.1624360780399039,3164845,451403,1,2713442,0.14263036578410634
2.651739350767457e-06,0.9999977846895464,0.8375631280217624,0.16243687197823764,3164842,451403,1,2713439,0.14263050098551525
2.9169134450057754e-06,0.9999977846895464,0.8375623340834286,0.16243766591657138,3164839,451403,1,2713436,0.14263063618718044
3.1820873118704185e-06,0.9999977846895464,0.8375493664239774,0.16245063357602263,3164790,451403,1,2713387,0.14263284451732974
3.4472611787350615e-06,0.9999977846895464,0.8375467199628649,0.1624532800371351,3164780,451403,1,2713377,0.14263329520535392
3.7124350455997046e-06,0.9999977846895464,0.8375446027939748,0.1624553972060252,3164772,451403,1,2713369,0.14263365575782394
3.977609139838023e-06,0.9999977846895464,0.8375287240272998,0.16247127597270017,3164712,451403,1,2713309,0.14263635995945287
4.242782779328991e-06,0.9999977846895464,0.8375281947350773,0.16247180526492266,3164710,451403,1,2713307,0.1426364501012731
4.507956418819958e-06,0.9999977846895464,0.8375276654428548,0.16247233455714516,3164708,451403,1,2713305,0.14263654024320727
4.507956873567309e-06,0.9999977846895464,0.8369197733253128,0.16308022667468725,3162411,451403,1,2711008,0.1427401435170824
4.50795732831466e-06,0.9999911387581856,0.7797686516624672,0.22023134833753277,2946458,451400,4,2495058,0.15320089409046386
7.210061994555872e-06,0.9999911387581856,0.7789516891170374,0.22104831088296262,2943371,451400,4,2491971,0.1533615707975651
9.912168025039136e-06,0.9999911387581856,0.7789511598248149,0.2210488401751851,2943369,451400,4,2491969,0.1533616750057502
1.2614273146027699e-05,0.9999911387581856,0.7789490426559249,0.2210509573440751,2943361,451400,4,2491961,0.15336209183990682
2.072059032798279e-05,0.9999911387581856,0.7789477194253686,0.22105228057463144,2943356,451400,4,2491956,0.15336235236240536
2.6124800569959916e-05,0.9999911387581856,0.7789471901331461,0.22105280986685394,2943354,451400,4,2491954,0.15336245657165262
3.1529012630926445e-05,0.9999911387581856,0.7789466608409236,0.22105333915907643,2943352,451400,4,2491952,0.1533625607810415
3.423111775191501e-05,0.9999911387581856,0.7789458669025898,0.22105413309741018,2943349,451400,4,2491949,0.15336271709539032
3.693322287290357e-05,0.9999911387581856,0.778936604288696,0.22106339571130396,2943314,451400,4,2491914,0.15336454078633813
3.963532799389213e-05,0.9999911387581856,0.7788357741203097,0.2211642258796903,2942933,451400,4,2491533,0.15338439577115756
4.2337433114880696e-05,0.9999911387581856,0.7788312751364185,0.22116872486358152,2942916,451400,4,2491516,0.15338528180892694
4.503953823586926e-05,0.9999911387581856,0.778830745844196,0.22116925415580402,2942914,451400,4,2491514,0.1533853860493375
4.774164335685782e-05,0.9999911387581856,0.7788304811980847,0.22116951880191527,2942913,451400,4,2491513,0.1533854381695959
5.044374483986758e-05,0.9999911387581856,0.7788280993830835,0.2211719006169165,2942904,451400,4,2491504,0.15338590725351559
5.0443748477846384e-05,0.9999889234477319,0.7741123703267135,0.22588762967328646,2925085,451399,5,2473686,0.15431995993278827
5.044375211582519e-05,0.9999313253759382,0.6993154399040288,0.3006845600959712,2642455,451373,31,2191082,0.17081577548151244
9.23907064134255e-05,0.9999313253759382,0.6949868881084181,0.30501311189158187,2626099,451373,31,2174726,0.17187965876381658
0.00012385091395117342,0.9999313253759382,0.6949866234623069,0.3050133765376931,2626098,451373,31,2174725,0.17187972421440478
0.0001448244001949206,0.9999313253759382,0.6949850355856394,0.3050149644143606,2626092,451373,31,2174719,0.17188011691898075
0.00024969177320599556,0.9999313253759382,0.6949839770011943,0.3050160229988057,2626088,451373,31,2174715,0.17188037872302833
0.000249691802309826,0.9999313253759382,0.6938414997389266,0.3061585002610734,2621771,451373,31,2170398,0.17216339642173173
0.0002496918314136565,0.9998604354414228,0.6621932652328317,0.33780673476716827,2502184,451341,63,2050843,0.1803788210619203
0.00025575366453267634,0.9998604354414228,0.6610833394422477,0.33891666055775227,2497990,451341,63,2046649,0.18068166806112115
0.0002648464869707823,0.9998604354414228,0.6610830747961365,0.3389169252038635,2497989,451341,63,2046648,0.1806817403919713
0.00026787741808220744,0.9998604354414228,0.6610828101500252,0.33891718984997476,2497988,451341,63,2046647,0.18068181272287936
0.0002709083491936326,0.9998604354414228,0.661082545503914,0.338917454496086,2497987,451341,63,2046646,0.18068188505384536
0.0002769702114164829,0.9998604354414228,0.6610767232894664,0.33892327671053357,2497965,451341,63,2046624,0.18068347634974868
0.00028303207363933325,0.9998604354414228,0.6610761939972439,0.33892380600275607,2497963,451341,63,2046622,0.18068362101440252
0.00028606303385458887,0.9998604354414228,0.6610756647050214,0.33892433529497856,2497961,451341,63,2046620,0.18068376567928804
0.0003042485914193094,0.9998604354414228,0.6610754000589102,0.3389245999410898,2497960,451341,63,2046619,0.18068383801181764
0.00030424862052313983,0.999853789510062,0.659784456328231,0.340215543671769,2493082,451338,66,2041744,0.18103616327100353
0.0003042486496269703,0.9998449282682476,0.6499036291185882,0.35009637088141177,2455746,451334,70,2004412,0.18378692258889967
0.0003193580196239054,0.9998449282682476,0.6488937395580568,0.35110626044194315,2451930,451334,70,2000596,0.1840729547744022
0.0003495768178254366,0.9998449282682476,0.6488934749119456,0.3511065250880544,2451929,451334,70,2000595,0.1840730298471122
0.0003571315319277346,0.9998449282682476,0.6488921516813894,0.35110784831861064,2451924,451334,70,2000590,0.18407340521158078
0.00041001441422849894,0.9998449282682476,0.6488892405741656,0.35111075942583436,2451913,451334,70,2000579,0.1840742310188004
0.0004175691574346274,0.9998449282682476,0.6488889759280544,0.3511110240719456,2451912,451334,70,2000578,0.18407430609255143
0.00044778789742849767,0.9998449282682476,0.6488887112819431,0.35111128871805686,2451911,451334,70,2000577,0.1840743811663637
0.00044778792653232813,0.9998449282682476,0.6482622939366135,0.3517377060633865,2449544,451334,70,1998210,0.18425225266416934
0.0004477879556361586,0.9998338517159795,0.6461226301271545,0.35387736987284546,2441459,451329,75,1990130,0.18486036423302624
0.0004497571208048612,0.9998338517159795,0.6460289454037719,0.35397105459622813,2441105,451329,75,1989776,0.18488717199792717
0.00045369548024609685,0.9998338517159795,0.6460284161115494,0.3539715838884506,2441103,451329,75,1989774,0.1848873234763138
0.00045763381058350205,0.9998338517159795,0.6460281514654381,0.3539718485345619,2441102,451329,75,1989773,0.18488739921560016
0.0004635413351934403,0.9998338517159795,0.6460278868193269,0.3539721131806731,2441101,451329,75,1989772,0.18488747495494862
0.00047141805407591164,0.9998338517159795,0.6460273575271044,0.3539726424728956,2441099,451329,75,1989770,0.18488762643383164
0.0004753564135171473,0.9998338517159795,0.6460270928809931,0.35397290711900686,2441098,451329,75,1989769,0.18488770217336625
0.00047732554958201945,0.9998338517159795,0.6460268282348819,0.3539731717651181,2441097,451329,75,1989768,0.1848877779129629
0.00048126387991942465,0.9998338517159795,0.6460207413743231,0.3539792586256769,2441074,451329,75,1989745,0.18488951994081293
0.0004812639090232551,0.9998294210950722,0.6428857435404516,0.3571142564595484,2429228,451327,77,1977901,0.18579030045759393
0.00048126393812708557,0.9997673924023712,0.6313193852482553,0.36868061475174474,2385523,451299,105,1934224,0.1891824140869738
0.0004937087651342154,0.9997673924023712,0.63011180504262,0.36988819495738,2380960,451299,105,1929661,0.18954497345608495
0.0004978570505045354,0.9997673924023712,0.6301115403965086,0.36988845960349137,2380959,451299,105,1929660,0.18954505306475247
0.0005559329874813557,0.9997673924023712,0.6301112757503974,0.3698887242496026,2380958,451299,105,1929659,0.18954513267348688
0.0005559330456890166,0.9997673924023712,0.629756649961322,0.37024335003867803,2379618,451299,105,1928319,0.1896518684931783
0.0005559331038966775,0.9997629617814641,0.6259507742354308,0.3740492257645692,2365237,451297,107,1913940,0.19080413506130675
0.0006176091264933348,0.9997585311605568,0.625776637094228,0.37422336290577196,2364579,451295,109,1913284,0.19085638500553376
0.0006660688668489456,0.9997585311605568,0.625775578509783,0.37422442149021695,2364575,451295,109,1913280,0.19085670786504974
0.0006660689250566065,0.9997541005396496,0.6243859217796075,0.3756140782203925,2359324,451293,111,1908031,0.19128063801326142
0.0006660689832642674,0.9997208708828456,0.6169853579246029,0.38301464207539715,2331360,451278,126,1880082,0.19356856084002472
0.0006797352689318359,0.9997208708828456,0.6153953640882108,0.38460463591178917,2325352,451278,126,1874074,0.1940686829348847
0.0006888461066409945,0.9997208708828456,0.6153950994420996,0.3846049005579004,2325351,451278,126,1874073,0.19406876639268653
0.0006956793367862701,0.9997208708828456,0.6153948347959883,0.38460516520401167,2325350,451278,126,1874072,0.19406884985056014
0.0007093455642461777,0.9997208708828456,0.6153945701498771,0.3846054298501229,2325349,451278,126,1874071,0.19406893330850553
0.0007093456224538386,0.9997208708828456,0.6143343978282082,0.3856656021717918,2321343,451278,126,1870065,0.19440384294781082
0.0007093456806614995,0.9996876412260414,0.6087101386719158,0.3912898613280842,2300091,451263,141,1848828,0.19619354190768973
0.0012308780569583178,0.9996832106051342,0.6078193398614472,0.3921806601385528,2296725,451261,143,1845464,0.1964802055100197
0.0012752636102959514,0.9996832106051342,0.607819075215336,0.39218092478466404,2296724,451261,143,1845463,0.19648029105804615
0.0012752637267112732,0.9996787799842269,0.6073289506173003,0.3926710493826997,2294872,451259,145,1843613,0.19663798242342057
0.001275263843126595,0.999543646046557,0.5943811396243772,0.4056188603756228,2245947,451198,206,1794749,0.20089432208329047
0.0013320588041096926,0.9995370001151962,0.5941048490842318,0.4058951509157682,2244903,451195,209,1793708,0.20098641233051048
0.0014423076063394547,0.9995370001151962,0.5941045844381205,0.40589541556187947,2244902,451195,209,1793707,0.20098650186066028
0.0014423077227547765,0.9995281388733818,0.5935612659717237,0.40643873402827635,2242849,451191,213,1791658,0.2011686921411116
0.0014423078391700983,0.9994727561120416,0.5894015583950907,0.4105984416049093,2227131,451166,238,1775965,0.2025772170563833
0.0018035975517705083,0.9994550336284127,0.5886414947635797,0.41135850523642026,2224259,451158,246,1773101,0.20283519140531744
0.0018035976681858301,0.9994506030075054,0.5883075113711818,0.41169248862881824,2222997,451156,248,1771841,0.20294944167715925
0.001803597784601152,0.9993885743148044,0.5836597963654032,0.4163402036345968,2205435,451128,276,1754307,0.2045528433166246
0.0018218844197690487,0.9993819283834436,0.5830746638134288,0.41692533618657124,2203224,451125,279,1752099,0.2047567564623479
0.0018401711713522673,0.9993819283834436,0.5830743991673175,0.4169256008326825,2203223,451125,279,1752098,0.20475684939745092
0.0018730873707681894,0.9993819283834436,0.5830741345212063,0.41692586547879373,2203222,451125,279,1752097,0.2047569423326383
0.0018767446745187044,0.9993819283834436,0.583073869875095,0.416926130124905,2203221,451125,279,1752096,0.20475703526791003
0.0019023461500182748,0.99937971307299,0.5830736052289838,0.41692639477101623,2203220,451124,280,1752096,0.20475667432212852
0.0019023462664335966,0.9993752824520828,0.5829743629372649,0.4170256370627351,2202845,451122,282,1751723,0.20479062303521128
0.0019023463828489184,0.999368636520722,0.5818387664738897,0.41816123352611034,2198554,451119,285,1747435,0.20518895601381634
0.0019092336297035217,0.999368636520722,0.5818038331872045,0.4181961668127955,2198422,451119,285,1747303,0.2052012761881022
0.0019253042992204428,0.999368636520722,0.5818035685410933,0.4181964314589067,2198421,451119,285,1747302,0.20520136952840243
0.0019321916624903679,0.999368636520722,0.581803303894982,0.418196696105018,2198420,451119,285,1747301,0.20520146286878757
0.0019712201319634914,0.999368636520722,0.5818030392488708,0.4181969607511292,2198419,451119,285,1747300,0.20520155620925765
0.001971220364794135,0.9993309762430107,0.5791518145063649,0.4208481854936351,2188401,451102,302,1737299,0.20613315384154915
0.002183405915275216,0.9993309762430107,0.5791512852141424,0.4208487147858576,2188399,451102,302,1737297,0.2061333422287252
0.0021834061481058598,0.9993309762430107,0.5791499619835861,0.42085003801641385,2188394,451102,302,1737292,0.2061338131981718
0.0021834063809365034,0.9993265456221034,0.578811479607297,0.42118852039270305,2187115,451100,304,1736015,0.20625344346319238
0.0022005171049386263,0.9993265456221034,0.5788106856689632,0.4211893143310368,2187112,451100,304,1736012,0.2062537263752382
0.002240442205220461,0.9993265456221034,0.578810421022852,0.42118957897714804,2187111,451100,304,1736011,0.20625382067942596
0.0022404424380511045,0.9993110384489282,0.577860076837352,0.42213992316264803,2183520,451093,311,1732427,0.20658981827507877
0.002240442670881748,0.99924457913532,0.573670728896259,0.42632927110374097,2167690,451063,341,1716627,0.20808464309933616
0.002282226923853159,0.9992312872725984,0.5733568586083161,0.4266431413916839,2166504,451057,347,1715447,0.20819578454505508
0.0022913103457540274,0.9992312872725984,0.5733565939622048,0.42664340603779516,2166503,451057,347,1715446,0.20819588064267625
0.002293126890435815,0.9992312872725984,0.5733563293160936,0.4266436706839064,2166502,451057,347,1715445,0.20819597674038612
0.0022931271232664585,0.9992312872725984,0.5732814344666097,0.42671856553339027,2166219,451057,347,1715162,0.2082231759577402
0.002293127356097102,0.9991404595440005,0.5693720821112196,0.4306279178887804,2151447,451016,388,1700431,0.2096337953014878
0.0023839601781219244,0.9991404595440005,0.5693310619639759,0.43066893803602413,2151292,451016,388,1700276,0.20964889935908282
0.0024488409981131554,0.9991404595440005,0.5693305326717534,0.4306694673282466,2151290,451016,388,1700274,0.20964909426437162
0.0026824118103832006,0.9991404595440005,0.5693302680256421,0.43066973197435787,2151289,451016,388,1700273,0.2096491917171519
0.0027343162801116705,0.9991404595440005,0.5693300033795309,0.4306699966204691,2151288,451016,388,1700272,0.2096492891700228
0.0027862207498401403,0.9991404595440005,0.5693297387334196,0.43067026126658037,2151287,451016,388,1700271,0.2096493866229843
0.002786220982670784,0.9991360289230933,0.5691309895038705,0.43086901049612947,2150536,451014,390,1699522,0.20972166938846873
0.0027862212155014277,0.998985387812248,0.5622732148230404,0.4377267851769596,2124623,450946,458,1673677,0.21224753756313472
0.0028110085986554623,0.9989765265704336,0.5620715544862677,0.43792844551373233,2123861,450942,462,1672919,0.21232180448720514
0.0028140314389020205,0.9989765265704336,0.5620712898401564,0.4379287101598436,2123860,450942,462,1672918,0.21232190445697927
0.002814635867252946,0.9989765265704336,0.5620710251940452,0.43792897480595483,2123859,450942,462,1672917,0.21232200442684754
0.0028146361000835896,0.9989765265704336,0.5619574920123187,0.4380425079876813,2123430,450942,462,1672488,0.21236490018507792
0.002814636332914233,0.9989255744300006,0.5596810061633433,0.44031899383665674,2114828,450919,485,1663909,0.21321781251241237
0.0030350370798259974,0.9989211438090934,0.5594388549715492,0.4405611450284508,2113913,450917,487,1662996,0.21330915699936562
0.0030980086885392666,0.9989211438090934,0.559438590325438,0.44056140967456203,2113912,450917,487,1662995,0.21330925790666783
0.0030980089213699102,0.9988015170445986,0.5547236552074019,0.44527634479259814,2096096,450863,541,1645233,0.21509654137978412
0.003098009154200554,0.9983230099866195,0.5372821532454479,0.4627178467545521,2030191,450647,757,1579544,0.2219727109419754
0.003159516490995884,0.998196737290764,0.532566424189078,0.46743357581092204,2012372,450590,814,1561782,0.22390989339943113
0.003320973599329591,0.998196737290764,0.5325661595429667,0.4674338404570333,2012371,450590,814,1561781,0.2239100046661376
0.0033209738321602345,0.9981834454280423,0.5320545986099199,0.4679454013900801,2010438,450584,820,1559854,0.22412230568662153
0.003320974064990878,0.9979862827976713,0.5248615173061355,0.4751384826938645,1983258,450495,909,1532763,0.22714896397745526
0.0035284054465591908,0.9979774215558569,0.5243668937242085,0.4756331062757915,1981389,450491,913,1530898,0.2273612097372096
0.0035422344226390123,0.9979774215558569,0.5243666290780973,0.4756333709219027,1981388,450491,913,1530897,0.2273613244856636
0.004136871080845594,0.9979774215558569,0.524366364431986,0.47563363556801397,1981387,450491,913,1530896,0.22736143923423338
0.004136871546506882,0.9979774215558569,0.5243531321264235,0.47564686787357646,1981337,450491,913,1530846,0.2273671768104063
0.004136872012168169,0.9978201345136507,0.5199015198890815,0.4800984801109185,1964516,450420,984,1514096,0.2292778475716156
0.00456547224894166,0.9978201345136507,0.5198869643529628,0.4801130356470372,1964461,450420,984,1514041,0.22928426677852093
0.005,0.9978201345136507,0.5198832593074052,0.4801167406925948,1964447,450420,984,1514027,0.229285900815853
0.005545130930840969,0.9978201345136507,0.5198832593074052,0.4801167406925948,1964447,450420,984,1514027,0.229285900815853
0.005545131396502256,0.997784689546393,0.51870320229734,0.48129679770266,1959988,450404,1000,1509584,0.22979936611856808
0.005545131862163544,0.9974546082888056,0.5120505283527288,0.4879494716472712,1934850,450255,1149,1484595,0.23270796185750833
0.005686148069798946,0.997401440837919,0.5103986073263042,0.48960139267369585,1928608,450231,1173,1478377,0.23344868423235826
0.00573021499440074,0.997401440837919,0.5103972840957479,0.4896027159042521,1928603,450231,1173,1478372,0.23344928945977997
0.005730215460062027,0.9973992255274654,0.5102321449223277,0.4897678550776723,1927979,450230,1174,1477749,0.23352432780647506
0.005730215925723314,0.9972485844166201,0.5070418360512048,0.4929581639487952,1915924,450162,1242,1465762,0.23495817161849844
0.005861418787389994,0.997244153795713,0.5069142766255821,0.4930857233744179,1915442,450160,1244,1465282,0.23501625212353075
0.005861419253051281,0.9972375078643521,0.5068965453361284,0.4931034546638716,1915375,450157,1247,1465218,0.2350229067414997
0.005861419718712568,0.9971776944821047,0.5056929348221618,0.4943070651778382,1910827,450130,1274,1460697,0.2355681597549124
0.0059516518376767635,0.9971754791716512,0.5056714984871505,0.49432850151284946,1910746,450129,1275,1460617,0.23557762256207784
0.005992666818201542,0.9971754791716512,0.5056712338410393,0.4943287661589607,1910745,450129,1275,1460616,0.23557774585305732
0.006140320561826229,0.9971754791716512,0.505661441934923,0.494338558065077,1910708,450129,1275,1460579,0.23558230771002162
0.006173131987452507,0.9971754791716512,0.5056609126427005,0.4943390873572995,1910706,450129,1275,1460577,0.2355825543019177
0.006173132453113794,0.9970403452339811,0.5029789889512895,0.49702101104871055,1900572,450068,1336,1450504,0.23680660348568747
0.006173132918775082,0.9965042401042082,0.4928787701154201,0.50712122988458,1862407,449826,1578,1412581,0.24152937569500116
0.006246497388929129,0.9963270152679197,0.488942953148905,0.511057046851095,1847535,449746,1658,1397789,0.24343030037319996
0.006246497854590416,0.9963004315424764,0.48814054613959396,0.511859453860406,1844503,449734,1670,1394769,0.24382394607110966
0.006246498320251703,0.9954918432269099,0.4730647157661068,0.5269352842338932,1787537,449369,2035,1338168,0.25139004115719005
0.00627781031653285,0.9954674748119201,0.4727569323387227,0.5272430676612774,1786374,449358,2046,1337016,0.25154754827376574
0.0064343735575675964,0.9954674748119201,0.47275666769261143,0.5272433323073886,1786373,449358,2046,1337015,0.25154768908844904
0.006434374023228884,0.9952437284561059,0.4694705569292159,0.5305294430707841,1773956,449257,2147,1324699,0.25325148989039187
0.006434374488890171,0.9944971688332402,0.4579372794009259,0.5420627205990741,1730376,448920,2484,1281456,0.2594349436191903
0.0064972457475960255,0.9943465277223951,0.4553972060251451,0.5446027939748549,1720778,448852,2552,1271926,0.26084247939013633
0.006501737050712109,0.9943465277223951,0.45539694137903386,0.5446030586209661,1720777,448852,2552,1271925,0.26084263097426336
0.00654664495959878,0.9943465277223951,0.4553813272584701,0.5446186727415299,1720718,448852,2552,1271866,0.26085157474961035
0.006546645425260067,0.9943376664805806,0.4552749395217474,0.5447250604782525,1720316,448848,2556,1271468,0.26091020486933797
0.006566313561052084,0.9943221593074053,0.45504946103496213,0.5449505389650379,1719464,448841,2563,1270623,0.2610354156876794
0.006763000972568989,0.9943221593074053,0.4550491963888509,0.5449508036111491,1719463,448841,2563,1270622,0.2610355674998531
0.006900682579725981,0.9943221593074053,0.4550486670966284,0.5449513329033716,1719461,448841,2563,1270620,0.26103587112473037
0.007038363721221685,0.9943221593074053,0.45504840245051714,0.5449515975494829,1719460,448841,2563,1270619,0.26103602293743383
0.007274388335645199,0.9943221593074053,0.4550481378044059,0.5449518621955941,1719459,448841,2563,1270618,0.26103617475031393
0.007274388801306486,0.9942180397160858,0.4537018830364754,0.5462981169635246,1714372,448794,2610,1265578,0.2617833235727135
0.0072743892669677734,0.9939278340466633,0.44968773082103014,0.5503122691789699,1699204,448663,2741,1250541,0.2640430460380272
0.007398075424134731,0.9937904847985397,0.4474652327787498,0.5525347672212502,1690806,448601,2803,1242205,0.2653178424964189
0.007451084442436695,0.9937882694880861,0.4474588812720798,0.5525411187279202,1690782,448600,2804,1242182,0.26532101713881506
0.007663118652999401,0.9937882694880861,0.4474583519798573,0.5525416480201427,1690780,448600,2804,1242180,0.26532133098333316
0.007663119118660688,0.9936154752727047,0.4444921983649634,0.5555078016350365,1679572,448522,2882,1231050,0.267045413950697
0.007663119584321976,0.9931015232474679,0.4360483995394099,0.5639516004605901,1647666,448290,3114,1199376,0.27207577263838667
0.007678517140448093,0.9929087912380041,0.43311770850342357,0.5668822914965764,1636592,448203,3201,1188389,0.27386361414451493
0.007878689095377922,0.9929087912380041,0.4331166499189786,0.5668833500810214,1636588,448203,3201,1188385,0.2738642834971294
0.007878690026700497,0.9928777768916536,0.43255586480923913,0.5674441351907609,1634469,448189,3215,1186280,0.27421076814549555
0.007878690958023071,0.9925742793595095,0.42822122615306973,0.5717787738469302,1618090,448052,3352,1170038,0.27690177925826126
0.008144304156303406,0.9925720640490558,0.4281754423758234,0.5718245576241766,1617917,448051,3353,1169866,0.2769307696253887
0.00814430508762598,0.9925011741145404,0.427281732458131,0.5727182675418689,1614540,448019,3385,1166521,0.2774901829623298
0.008144306018948555,0.9914333944759018,0.4116051554121056,0.5883948445878944,1555304,447537,3867,1107767,0.2877488902491089
0.008162911050021648,0.9913625045413864,0.4106847162371769,0.589315283762823,1551826,447505,3899,1104321,0.2883731810138508
0.008228032849729061,0.9913625045413864,0.41068392229884315,0.5893160777011568,1551823,447505,3899,1104318,0.288373738499816
0.008228033781051636,0.9913580739204793,0.4105328093693192,0.5894671906306808,1551252,447503,3901,1103749,0.28847859664322756
0.00822803471237421,0.9904697344285828,0.3973563441362758,0.6026436558637243,1501463,447102,4302,1054361,0.2977775676123887
0.008228340186178684,0.9904697344285828,0.3973063260212495,0.6026936739787505,1501274,447102,4302,1054172,0.29781505574598643
0.008233556523919106,0.9904697344285828,0.39730500279069325,0.6026949972093067,1501269,447102,4302,1054167,0.29781604762371033
0.00823355745524168,0.9903434617327272,0.3957547058709887,0.6042452941290113,1495411,447045,4359,1048366,0.29894457109115824
0.008233558386564255,0.9877161035347494,0.35841261028134264,0.6415873897186574,1354309,445859,5545,908450,0.32921512003538334
0.008707787841558456,0.9875566011820897,0.35641664931029254,0.6435833506897075,1346767,445787,5617,900980,0.33100528896238174
0.008707788772881031,0.9874657734534917,0.35490684324560934,0.6450931567543907,1341062,445746,5658,895316,0.3323828428514118
0.008707789704203606,0.9870049888791416,0.348681043478445,0.651318956521555,1317537,445538,5866,871999,0.33815976325522545
0.008839990943670273,0.9869562520491622,0.3476970892368162,0.6523029107631838,1313819,445516,5888,868303,0.3390999825698974
0.008839991874992847,0.9865730033406882,0.34243513060682557,0.6575648693931744,1293936,445343,6061,848593,0.3441769917522969
0.008839992806315422,0.9846899894551222,0.3179066704316987,0.6820933295683014,1201252,444493,6911,756759,0.3700247741523011
0.0088545773178339,0.9845194105501945,0.3158802751578548,0.6841197248421452,1193595,444416,6988,749179,0.3723339993884023
0.008877914398908615,0.9845194105501945,0.3158786872811873,0.6841213127188127,1193589,444416,6988,749173,0.3723358710577929
0.008886666037142277,0.9845194105501945,0.31587789334285354,0.6841221066571465,1193586,444416,6988,749170,0.37233680689954474
0.008889582939445972,0.9845194105501945,0.3158728650667398,0.6841271349332603,1193567,444416,6988,749151,0.3723427340065535
0.008901250548660755,0.9845194105501945,0.31587260042062854,0.6841273995793715,1193566,444416,6988,749150,0.3723430459647812
0.00890125147998333,0.9845127646188336,0.3157572147161234,0.6842427852838766,1193130,444413,6991,748717,0.372476595174038
0.008987702429294586,0.9844529512365863,0.31490320171511854,0.6850967982848815,1189903,444386,7018,745517,0.37346405547342937
0.00903092697262764,0.9844529512365863,0.31490134919233975,0.6850986508076602,1189896,444386,7018,745510,0.37346625251282467
0.009126022458076477,0.9844529512365863,0.31489976131567227,0.6851002386843277,1189890,444386,7018,745504,0.37346813571002363
0.009126023389399052,0.9843045254361946,0.31284531355403583,0.6871546864459641,1182127,444319,7085,737808,0.37586401461095126
0.009126024320721626,0.9825455689360307,0.29202851508919503,0.707971484910805,1103468,443525,7879,659943,0.4019373466199292
0.009280528873205185,0.9823306838220308,0.2892150622804926,0.7107849377195075,1092837,443428,7976,649409,0.40575858979884466
0.009452201426029205,0.9823306838220308,0.28921479763438135,0.7107852023656187,1092836,443428,7976,649408,0.40575896108839754
0.00945220235735178,0.9823284685115772,0.2892081814816001,0.7107918185183999,1092811,443427,7977,649384,0.40576732847674485
0.009452203288674355,0.9822199182993505,0.28798578109373474,0.7120142189062653,1088192,443378,8026,644814,0.40744464212197845
0.009479646570980549,0.9822177029888969,0.2879781063565085,0.7120218936434914,1088163,443377,8027,644786,0.4074545817124824
0.009492120705544949,0.9822177029888969,0.2879751952492847,0.7120248047507153,1088152,443377,8027,644775,0.4074587006227071
0.009494614787399769,0.9822177029888969,0.2879749306031735,0.7120250693968265,1088151,443377,8027,644774,0.40745907507322054
0.009494615718722343,0.9821933345739072,0.2876970521863606,0.7123029478136393,1087101,443366,8038,643735,0.4078425095736275
0.009494616650044918,0.9799027035648776,0.2582062127791785,0.7417937872208216,975666,442332,9072,533334,0.453364163555971
0.009494953788816929,0.9798805504603415,0.25790742731957683,0.7420925726804232,974537,442322,9082,532215,0.453879124137924
0.009495123289525509,0.9798805504603415,0.2579061040890206,0.7420938959109794,974532,442322,9082,532210,0.4538814528409534
0.009495967999100685,0.9798805504603415,0.25790583944290935,0.7420941605570907,974531,442322,9082,532209,0.4538819185844268
0.009501544758677483,0.9798805504603415,0.2579055747967981,0.7420944252032019,974530,442322,9082,532208,0.45388238432885597
0.009501545690000057,0.9796878184508777,0.25584107048293414,0.7441589295170659,966729,442235,9169,524494,0.45745498479925606
0.009501546621322632,0.9788637229621359,0.24586735248824243,0.7541326475117576,929042,441863,9541,487179,0.4756114362967444
0.009630406275391579,0.9787308043349195,0.2439327894150024,0.7560672105849976,921732,441803,9601,479929,0.47931828340558863
0.009694837033748627,0.9787308043349195,0.24392881972333366,0.7560711802766663,921717,441803,9601,479914,0.47932608381965397
0.009823697619140148,0.9787308043349195,0.24392537932388741,0.7560746206761126,921704,441803,9601,479901,0.4793328443838803
0.009849469177424908,0.9787308043349195,0.24392511467777617,0.7560748853222239,921703,441803,9601,479900,0.4793333644351814
0.009849470108747482,0.9787308043349195,0.24391373489499238,0.7560862651050076,921660,441803,9601,479857,0.4793557277086995
0.009849471040070057,0.9785823785345278,0.24250370041425057,0.7574962995857495,916332,441736,9668,474596,0.4820698174897308
0.01,0.9785801632240743,0.2424960256770243,0.7575039743229757,916303,441735,9669,474568,0.4820839831365826
0.010006550699472427,0.9785801632240743,0.2424960256770243,0.7575039743229757,916303,441735,9669,474568,0.4820839831365826
0.010137449949979782,0.9785801632240743,0.24249576103091305,0.7575042389690869,916302,441735,9669,474567,0.4820845092556821
0.010137450881302357,0.9783187565905486,0.2396563729033081,0.7603436270966919,905573,441617,9787,463956,0.48766582042529977
0.010137451812624931,0.9765620154008383,0.22087973131009617,0.7791202686899038,834623,440824,10580,393799,0.5281714019383602
0.01029951125383377,0.9763626374600136,0.2185537566383169,0.7814462433616831,825834,440734,10670,385100,0.5336835247761657
0.010434560477733612,0.9763626374600136,0.21855349199220564,0.7814465080077944,825833,440734,10670,385099,0.5336841710127834
0.010623629204928875,0.9763626374600136,0.2185532273460944,0.7814467726539056,825832,440734,10670,385098,0.5336848172509663
0.01062363013625145,0.9762917475254982,0.21785165050516972,0.7821483494948303,823181,440702,10702,382479,0.5353646403403383
0.010623631067574024,0.9747742598647775,0.2010741456363429,0.798925854363657,759785,440017,11387,319768,0.5791335706811795
0.010820348747074604,0.9747343842766125,0.20043793638489707,0.799562063615103,757381,439999,11405,317382,0.5809480301195832
0.010820349678397179,0.9746767862048188,0.19994860572519518,0.8000513942748049,755532,439973,11431,315559,0.5823353610436091
0.010820350609719753,0.9736732505693347,0.1892177352062162,0.8107822647937838,714984,439520,11884,275464,0.6147270428429168
0.010831826366484165,0.9736666046379739,0.18911531716116234,0.8108846828388376,714597,439517,11887,275080,0.6150557587003583
0.010873908177018166,0.9736666046379739,0.1891150525150511,0.8108849474849489,714596,439517,11887,275079,0.6150566194045307
0.010900687426328659,0.9736666046379739,0.18911478786893984,0.8108852121310601,714595,439517,11887,275078,0.6150574801111119
0.011003977619111538,0.9736666046379739,0.1891145232228286,0.8108854767771714,714594,439517,11887,275077,0.615058340820102
0.011114918626844883,0.9736666046379739,0.18911425857671735,0.8108857414232826,714593,439517,11887,275076,0.6150592015315012
0.011114919558167458,0.9736555280857059,0.18902666071389346,0.8109733392861065,714262,439512,11892,274750,0.6153372291960093
0.011114920489490032,0.973243480341335,0.1839004655389743,0.8160995344610257,694892,439326,12078,255566,0.6322219855747367
0.011140819638967514,0.9732235425472525,0.1837207708294353,0.8162792291705647,694213,439317,12087,254896,0.63282738871211
0.011140820570290089,0.9731792363381805,0.18327828253142475,0.8167217174685752,692541,439297,12107,253244,0.6343263431334751
0.011140821501612663,0.9725833178261601,0.17756642551230856,0.8224335744876914,670958,439028,12376,231930,0.6543300772924684
0.011718167923390865,0.9725700259634386,0.17722159162934936,0.8227784083706506,669655,439022,12382,230633,0.6555942985567195
0.01171816885471344,0.9725567341007169,0.17704533731925662,0.8229546626807434,668989,439016,12388,229973,0.6562379949446104
0.011718169786036015,0.9714335717007382,0.16490099192008958,0.8350990080799104,623100,438509,12895,184591,0.7037538115872252
0.011928067542612553,0.9714269257693773,0.1647739617866894,0.8352260382133105,622620,438506,12898,184114,0.7042915421926697
0.012029396370053291,0.9714269257693773,0.16477369714057816,0.8352263028594218,622619,438506,12898,184113,0.7042926733684645
0.012029397301375866,0.9713250214885114,0.16373231469280805,0.836267685307192,618684,438460,12944,180224,0.7086978166559988
0.01202939823269844,0.9707822704273777,0.15810276261429074,0.8418972373857092,597412,438215,13189,159197,0.7335222593453095
0.012122919782996178,0.9706892273883262,0.1571127215121032,0.8428872784878968,593671,438173,13231,155498,0.7380737816063105
0.012122920714318752,0.9702040743989863,0.15213234634448297,0.847867653655517,574852,437954,13450,136898,0.7618552253449583
0.012122921645641327,0.969202754073956,0.14184396412351458,0.8581560358764855,535976,437502,13902,98474,0.8162716241025717
0.0123038524761796,0.9682058643698328,0.13263348551366885,0.8673665144863312,501173,437052,14352,64121,0.8720581515764018
0.01338944025337696,0.9682058643698328,0.13263322086755758,0.8673667791324424,501172,437052,14352,64120,0.8720598916140566
0.013389441184699535,0.9681770653339359,0.13240588985799354,0.8675941101420065,500313,437039,14365,63274,0.8735311694879005
0.01338944211602211,0.9680552232589875,0.13160956970924126,0.8683904302907588,497304,436984,14420,60320,0.8787059826584946
0.014187508262693882,0.968035285464905,0.13126394188794832,0.8687360581120517,495998,436975,14429,59023,0.8810015362965173
0.014187509194016457,0.9680175629812762,0.1311030370523081,0.8688969629476919,495390,436967,14437,58423,0.8820666545549971
0.014187510125339031,0.967849199386802,0.12959005523428987,0.8704099447657101,489673,436891,14513,52782,0.8922096991257431
0.014272320084273815,0.9678381228345341,0.12947519882200723,0.8705248011779928,489239,436886,14518,52353,0.8929909512528641
0.014281341806054115,0.9678381228345341,0.12947493417589598,0.870525065824104,489238,436886,14518,52352,0.8929927765218565
0.01434088870882988,0.9678381228345341,0.12947466952978473,0.8705253304702153,489237,436886,14518,52351,0.8929946017983105
0.014459984377026558,0.9678381228345341,0.12947440488367348,0.8705255951163265,489236,436886,14518,52350,0.8929964270822262
0.014530356973409653,0.9678381228345341,0.12947414023756224,0.8705258597624378,489235,436886,14518,52349,0.8929982523736036
0.014530357904732227,0.9678226156613587,0.12939342317363087,0.8706065768263691,488930,436879,14525,52051,0.8935409976888307
0.014530358836054802,0.9677827400731939,0.12907452460957422,0.8709254753904258,487725,436861,14543,50864,0.8957117227946076
0.014604669995605946,0.9677716635209258,0.12897184191840907,0.871028158081591,487337,436856,14548,50481,0.8964145960598108
0.014676917344331741,0.9677716635209258,0.12897157727229783,0.8710284227277022,487336,436856,14548,50480,0.8964164354777813
0.0147821931168437,0.9677716635209258,0.12897131262618658,0.8710286873738134,487335,436856,14548,50479,0.8964182749033006
0.014862696640193462,0.9677716635209258,0.12897104798007533,0.8710289520199247,487334,436856,14548,50478,0.8964201143363689
0.014862697571516037,0.9677450797954825,0.12866882212102743,0.8713311778789725,486192,436844,14560,49348,0.8985010037186955
0.014862698502838612,0.9672266971493385,0.12378054380012232,0.8762194561998777,467721,436610,14794,31111,0.9334838504150978
0.015,0.9671668837670911,0.12337431201935305,0.876625687980647,466186,436583,14821,29603,0.9364995945824199
0.015318294055759907,0.9671668837670911,0.12337431201935305,0.876625687980647,466186,436583,14821,29603,0.9364995945824199
0.015378043055534363,0.9671668837670911,0.12337404737324179,0.8766259526267582,466185,436583,14821,29602,0.9365016034406941
0.015378043986856937,0.967144730662555,0.12312263356755396,0.8768773664324461,465235,436573,14831,28662,0.9383924253334336
0.015378044918179512,0.9670982091430294,0.12247716170221437,0.8775228382977857,462796,436552,14852,26244,0.9432925090104495
0.01753634214401245,0.9670539029339572,0.1221577338459352,0.8778422661540648,461589,436532,14872,25057,0.9457157774557019
0.019020171836018562,0.9670539029339572,0.12215746919982395,0.877842530800176,461588,436532,14872,25056,0.9457178262866452
0.01902017369866371,0.9670539029339572,0.1221135379453564,0.8778864620546436,461422,436532,14872,24890,0.9460580553159581
0.01902017556130886,0.9668434484408645,0.12079824677244219,0.8792017532275578,456452,436437,14967,20015,0.9561509205787246
0.02,0.9668434484408645,0.12078766092799217,0.8792123390720078,456412,436437,14967,19975,0.9562347177550108
0.02124500274658203,0.9668434484408645,0.12078766092799217,0.8792123390720078,456412,436437,14967,19975,0.9562347177550108
0.021893911063671112,0.9668434484408645,0.12078739628188093,0.879212603718119,456411,436437,14967,19974,0.9562368128726082
0.02189391292631626,0.9668146494049676,0.12056112385676188,0.8794388761432381,455556,436424,14980,19132,0.9580029678019827
0.02189391478896141,0.9666396398791327,0.1194673414789642,0.8805326585210358,451423,436345,15059,15078,0.9665989548605188
0.02228124439716339,0.9666152714641429,0.11929585079887399,0.880704149201126,450775,436334,15070,14441,0.9679640618934058
0.022405803203582764,0.9666152714641429,0.11929558615276273,0.8807044138472373,450774,436334,15070,14440,0.9679662092312334
0.022427987307310104,0.9666152714641429,0.11929532150665148,0.8807046784933485,450773,436334,15070,14439,0.9679683565785884
0.022924520075321198,0.9666152714641429,0.11929505686054023,0.8807049431394598,450772,436334,15070,14438,0.9679705039354707
0.023047372698783875,0.9666152714641429,0.11929479221442899,0.880705207785571,450771,436334,15070,14437,0.9679726513018806
0.023047374561429024,0.9666130561536894,0.1192632993271902,0.8807367006728098,450652,436333,15071,14319,0.9682260369420307
0.023047376424074173,0.9665909030491533,0.11910054196877123,0.8808994580312288,450037,436323,15081,13714,0.9695269500063328
0.025,0.9665886877386997,0.11908466320209621,0.8809153367979038,449977,436322,15082,13655,0.9696540045380098
0.027834083884954453,0.9665886877386997,0.11908466320209621,0.8809153367979038,449977,436322,15082,13655,0.9696540045380098
0.02816901169717312,0.9665886877386997,0.11908439855598496,0.880915601444015,449976,436322,15082,13654,0.9696561594396146
0.028169013559818268,0.9665886877386997,0.11908386926376245,0.8809161307362375,449974,436322,15082,13652,0.9696604692715579
0.028169015422463417,0.9665886877386997,0.11906560868208618,0.8809343913179138,449905,436322,15082,13583,0.9698091819384093
0.028409089893102646,0.9665886877386997,0.11906534403597493,0.8809346559640251,449904,436322,15082,13582,0.9698113375297841
0.028409091755747795,0.9665864724282461,0.11902855822651114,0.8809714417734889,449765,436321,15083,13444,0.9701088346136315
0.028409093618392944,0.966553242771442,0.1188875018492147,0.8811124981507853,449232,436306,15098,12926,0.9712264486946611
0.029872896149754524,0.9665377355982667,0.11884409988696965,0.8811559001130304,449068,436299,15105,12769,0.9715655535464562
0.03,0.9665377355982667,0.1188438352408584,0.8811561647591416,449067,436299,15105,12768,0.9715677170667183
0.03216526657342911,0.9665377355982667,0.1188438352408584,0.8811561647591416,449067,436299,15105,12768,0.9715677170667183
0.035,0.9665377355982667,0.11884357059474715,0.8811564294052529,449066,436299,15105,12767,0.9715698805966161
0.03849000483751297,0.9665377355982667,0.11884357059474715,0.8811564294052529,449066,436299,15105,12767,0.9715698805966161
0.03849000856280327,0.9664978600101019,0.11880996053861835,0.8811900394613816,448939,436281,15123,12658,0.9718046327006564
0.03849001228809357,0.9664424772487616,0.118540021505143,0.881459978494857,447919,436256,15148,11663,0.9739618100594081
0.04,0.9664424772487616,0.11851011649457172,0.8814898835054283,447806,436256,15148,11550,0.9742075809613985
0.0414314828813076,0.9664424772487616,0.11851011649457172,0.8814898835054283,447806,436256,15148,11550,0.9742075809613985
0.04167799651622772,0.9664424772487616,0.11850985184846045,0.8814901481515396,447805,436256,15148,11549,0.9742097564788245
0.04325699433684349,0.9664424772487616,0.1185095872023492,0.8814904127976508,447804,436256,15148,11548,0.9742119320059669
0.04325699806213379,0.9664424772487616,0.11850482357234671,0.8814951764276533,447786,436256,15148,11530,0.9742510931561058
0.04325700178742409,0.9664269700755864,0.11839975906618032,0.8816002409338197,447389,436249,15155,11140,0.9750999689308409
0.045,0.9664269700755864,0.11839684795895657,0.8816031520410434,447378,436249,15155,11129,0.9751239444049551
0.04683840274810791,0.9664269700755864,0.11839684795895657,0.8816031520410434,447378,436249,15155,11129,0.9751239444049551
0.04683840647339821,0.9664269700755864,0.1183949954361778,0.8816050045638222,447371,436249,15155,11122,0.9751392021387171
0.04683841019868851,0.9663893097978751,0.11831269049557895,0.8816873095044211,447060,436232,15172,10828,0.97577953742227
0.04760235548019409,0.9663848791769679,0.11830686828113145,0.8816931317188685,447038,436230,15174,10808,0.9758230843910362
0.04910179227590561,0.9663848791769679,0.1183066036350202,0.8816933963649798,447037,436230,15174,10807,0.975825267259757
0.04910179600119591,0.9663582954515246,0.1182340906005376,0.8817659093994624,446763,436218,15186,10545,0.9763968815680797
0.049101799726486206,0.9662408839974834,0.11799696768485729,0.8820030323151427,445867,436165,15239,9702,0.9782401478467794
0.05,0.9662010084093184,0.11787920016535089,0.8821207998346491,445422,436147,15257,9275,0.9791770500783527
0.0520833283662796,0.9662010084093184,0.11787920016535089,0.8821207998346491,445422,436147,15257,9275,0.9791770500783527
0.0520833320915699,0.9661987930988649,0.11786596785978837,0.8821340321402116,445372,436146,15258,9226,0.9792847327627242
0.0520833358168602,0.9661877165465969,0.11783685678755083,0.8821631432124492,445262,436141,15263,9121,0.9795154313640059
0.055,0.9661766399943288,0.11782838811199083,0.8821716118880092,445230,436136,15268,9094,0.9795746018911574
0.05920793116092682,0.9661766399943288,0.11782838811199083,0.8821716118880092,445230,436136,15268,9094,0.9795746018911574
0.06,0.9661766399943288,0.11782812346587958,0.8821718765341204,445229,436136,15268,9093,0.9795768020501809
0.065,0.9661766399943288,0.11782812346587958,0.8821718765341204,445229,436136,15268,9093,0.9795768020501809
0.07,0.9661766399943288,0.11782812346587958,0.8821718765341204,445229,436136,15268,9093,0.9795768020501809
0.075,0.9661766399943288,0.11782812346587958,0.8821718765341204,445229,436136,15268,9093,0.9795768020501809
0.08,0.9661766399943288,0.11782812346587958,0.8821718765341204,445229,436136,15268,9093,0.9795768020501809
0.0833333283662796,0.9661766399943288,0.11782812346587958,0.8821718765341204,445229,436136,15268,9093,0.9795768020501809
0.0833333358168602,0.9661766399943288,0.11782785881976833,0.8821721411802317,445228,436136,15268,9092,0.9795790022190878
0.0838342234492302,0.9661744246838752,0.11782521235865583,0.8821747876413442,445218,436135,15269,9083,0.9795987583610726
0.08383423089981079,0.9661744246838752,0.11782388912809957,0.8821761108719004,445213,436135,15269,9078,0.9796097598228264
0.08383423835039139,0.9660127070207619,0.117575915721858,0.882424084278142,444276,436062,15342,8214,0.9815114928557923
0.085,0.9656759798318136,0.11701539525822977,0.8829846047417702,442158,435910,15494,6248,0.9858693046377087
0.08601007610559464,0.9656759798318136,0.11701539525822977,0.8829846047417702,442158,435910,15494,6248,0.9858693046377087
0.08601008355617523,0.9656759798318136,0.11701221950489477,0.8829877804951052,442146,435910,15494,6236,0.985896061481954
0.08601009100675583,0.9649936642121026,0.11597771785601717,0.8840222821439828,438237,435602,15802,2635,0.9939872717273986
0.09,0.9649914489016491,0.11597560068712716,0.8840243993128728,438229,435601,15803,2628,0.9940031353470445
0.095,0.9649914489016491,0.11597560068712716,0.8840243993128728,438229,435601,15803,2628,0.9940031353470445
0.09530291706323624,0.9649914489016491,0.11597560068712716,0.8840243993128728,438229,435601,15803,2628,0.9940031353470445
0.09530292451381683,0.9649870182807418,0.11595495829044963,0.8840450417095503,438151,435599,15805,2552,0.9941755239631999
0.09530293196439743,0.9646879513695049,0.11560033250137418,0.8843996674986259,436811,435464,15940,1347,0.9969162864488302
0.1,0.9646879513695049,0.11559874462470668,0.8844012553752933,436805,435464,15940,1341,0.9969299801971131
0.105,0.9646879513695049,0.11559874462470668,0.8844012553752933,436805,435464,15940,1341,0.9969299801971131
0.11,0.9646879513695049,0.11559874462470668,0.8844012553752933,436805,435464,15940,1341,0.9969299801971131
0.115,0.9646879513695049,0.11559874462470668,0.8844012553752933,436805,435464,15940,1341,0.9969299801971131
0.12,0.9646879513695049,0.11559874462470668,0.8844012553752933,436805,435464,15940,1341,0.9969299801971131
0.125,0.9646879513695049,0.11559874462470668,0.8844012553752933,436805,435464,15940,1341,0.9969299801971131
0.13,0.9646879513695049,0.11559874462470668,0.8844012553752933,436805,435464,15940,1341,0.9969299801971131
0.135,0.9646879513695049,0.11559874462470668,0.8844012553752933,436805,435464,15940,1341,0.9969299801971131
0.14,0.9646879513695049,0.11559874462470668,0.8844012553752933,436805,435464,15940,1341,0.9969299801971131
0.145,0.9646879513695049,0.11559874462470668,0.8844012553752933,436805,435464,15940,1341,0.9969299801971131
0.15,0.9646879513695049,0.11559874462470668,0.8844012553752933,436805,435464,15940,1341,0.9969299801971131
0.155,0.9646879513695049,0.11559874462470668,0.8844012553752933,436805,435464,15940,1341,0.9969299801971131
0.16,0.9646879513695049,0.11559874462470668,0.8844012553752933,436805,435464,15940,1341,0.9969299801971131
0.165,0.9646879513695049,0.11559874462470668,0.8844012553752933,436805,435464,15940,1341,0.9969299801971131
0.17,0.9646879513695049,0.11559874462470668,0.8844012553752933,436805,435464,15940,1341,0.9969299801971131
0.17500000000000002,0.9646879513695049,0.11559874462470668,0.8844012553752933,436805,435464,15940,1341,0.9969299801971131
0.18,0.9646879513695049,0.11559874462470668,0.8844012553752933,436805,435464,15940,1341,0.9969299801971131
0.185,0.9646879513695049,0.11559874462470668,0.8844012553752933,436805,435464,15940,1341,0.9969299801971131
0.19,0.9646879513695049,0.11559874462470668,0.8844012553752933,436805,435464,15940,1341,0.9969299801971131
0.19354836642742157,0.9646879513695049,0.11559874462470668,0.8844012553752933,436805,435464,15940,1341,0.9969299801971131
0.19354838132858276,0.9646879513695049,0.11559821533248417,0.8844017846675158,436803,435464,15940,1339,0.9969345448634739
0.19354839622974396,0.9646879513695049,0.11559106988748041,0.8844089301125195,436776,435464,15940,1312,0.9969961719508398
0.19354841113090515,0.9646502910917936,0.11556831032191288,0.8844316896780872,436690,435447,15957,1243,0.997153587212897
0.195,0.9646192767454431,0.11555428407801661,0.8844457159219834,436637,435433,15971,1204,0.9972425607541275
0.2,0.9646192767454431,0.11555428407801661,0.8844457159219834,436637,435433,15971,1204,0.9972425607541275
0.20195437967777252,0.9646192767454431,0.11555428407801661,0.8844457159219834,436637,435433,15971,1204,0.9972425607541275
0.20195439457893372,0.9646148461245359,0.11555269620134911,0.8844473037986509,436631,435431,15973,1200,0.9972516839161673
0.2019544094800949,0.9644930040495875,0.11546615692297026,0.8845338430770298,436304,435376,16028,928,0.9978730426491621
0.20500000000000002,0.9644907887391339,0.11546456904630274,0.8845354309536972,436298,435375,16029,923,0.9978844734562157
0.21,0.9644907887391339,0.11546456904630274,0.8845354309536972,436298,435375,16029,923,0.9978844734562157
0.215,0.9644907887391339,0.11546456904630274,0.8845354309536972,436298,435375,16029,923,0.9978844734562157
0.22,0.9644907887391339,0.11546456904630274,0.8845354309536972,436298,435375,16029,923,0.9978844734562157
0.225,0.9644907887391339,0.11546456904630274,0.8845354309536972,436298,435375,16029,923,0.9978844734562157
0.23,0.9644907887391339,0.11546456904630274,0.8845354309536972,436298,435375,16029,923,0.9978844734562157
0.23500000000000001,0.9644907887391339,0.11546456904630274,0.8845354309536972,436298,435375,16029,923,0.9978844734562157
0.24,0.9644907887391339,0.11546456904630274,0.8845354309536972,436298,435375,16029,923,0.9978844734562157
0.245,0.9644907887391339,0.11546456904630274,0.8845354309536972,436298,435375,16029,923,0.9978844734562157
0.25,0.9644907887391339,0.11546456904630274,0.8845354309536972,436298,435375,16029,923,0.9978844734562157
0.255,0.9644907887391339,0.11546456904630274,0.8845354309536972,436298,435375,16029,923,0.9978844734562157
0.26,0.9644907887391339,0.11546456904630274,0.8845354309536972,436298,435375,16029,923,0.9978844734562157
0.265,0.9644907887391339,0.11546456904630274,0.8845354309536972,436298,435375,16029,923,0.9978844734562157
0.27,0.9644907887391339,0.11546456904630274,0.8845354309536972,436298,435375,16029,923,0.9978844734562157
0.275,0.9644907887391339,0.11546456904630274,0.8845354309536972,436298,435375,16029,923,0.9978844734562157
0.28,0.9644907887391339,0.11546456904630274,0.8845354309536972,436298,435375,16029,923,0.9978844734562157
0.28500000000000003,0.9644907887391339,0.11546456904630274,0.8845354309536972,436298,435375,16029,923,0.9978844734562157
0.29,0.9644907887391339,0.11546456904630274,0.8845354309536972,436298,435375,16029,923,0.9978844734562157
0.295,0.9644907887391339,0.11546456904630274,0.8845354309536972,436298,435375,16029,923,0.9978844734562157
0.3,0.9644907887391339,0.11546456904630274,0.8845354309536972,436298,435375,16029,923,0.9978844734562157
0.3005272150039673,0.9644907887391339,0.11546456904630274,0.8845354309536972,436298,435375,16029,923,0.9978844734562157
0.3005272448062897,0.9644575590823298,0.11545318926351898,0.884546810736481,436255,435360,16044,895,0.9979484475822626
0.30052727460861206,0.9641939371383506,0.11533198134456632,0.8846680186554337,435797,435241,16163,556,0.9987241766235196
0.30084988474845886,0.9641363390665568,0.1153108096556663,0.8846891903443337,435717,435215,16189,502,0.9988478760296248
0.305,0.9641363390665568,0.11531054500955505,0.8846894549904449,435716,435215,16189,501,0.9988501684583536
0.31,0.9641363390665568,0.11531054500955505,0.8846894549904449,435716,435215,16189,501,0.9988501684583536
0.315,0.9641363390665568,0.11531054500955505,0.8846894549904449,435716,435215,16189,501,0.9988501684583536
0.32,0.9641363390665568,0.11531054500955505,0.8846894549904449,435716,435215,16189,501,0.9988501684583536
0.325,0.9641363390665568,0.11531054500955505,0.8846894549904449,435716,435215,16189,501,0.9988501684583536
0.3258852958679199,0.9641363390665568,0.11531054500955505,0.8846894549904449,435716,435215,16189,501,0.9988501684583536
0.33,0.9641363390665568,0.1153102803634438,0.8846897196365562,435715,435215,16189,500,0.998852460897605
0.335,0.9641363390665568,0.1153102803634438,0.8846897196365562,435715,435215,16189,500,0.998852460897605
0.34,0.9641363390665568,0.1153102803634438,0.8846897196365562,435715,435215,16189,500,0.998852460897605
0.34500000000000003,0.9641363390665568,0.1153102803634438,0.8846897196365562,435715,435215,16189,500,0.998852460897605
0.35000000000000003,0.9641363390665568,0.1153102803634438,0.8846897196365562,435715,435215,16189,500,0.998852460897605
0.35026735067367554,0.9641363390665568,0.1153102803634438,0.8846897196365562,435715,435215,16189,500,0.998852460897605
0.3502673804759979,0.9640853869261238,0.11529360765843502,0.884706392341565,435652,435192,16212,460,0.9989441113549347
0.3502674102783203,0.963903731468928,0.11522850471506745,0.8847714952849326,435406,435110,16294,296,0.9993201747334671
0.355,0.9638860089852992,0.11522030068561868,0.8847796993143813,435375,435102,16302,273,0.9993729543496985
0.36,0.9638860089852992,0.11522030068561868,0.8847796993143813,435375,435102,16302,273,0.9993729543496985
0.365,0.9638860089852992,0.11522030068561868,0.8847796993143813,435375,435102,16302,273,0.9993729543496985
0.37,0.9638860089852992,0.11522030068561868,0.8847796993143813,435375,435102,16302,273,0.9993729543496985
0.375,0.9638860089852992,0.11522030068561868,0.8847796993143813,435375,435102,16302,273,0.9993729543496985
0.38,0.9638860089852992,0.11522030068561868,0.8847796993143813,435375,435102,16302,273,0.9993729543496985
0.385,0.9638860089852992,0.11522030068561868,0.8847796993143813,435375,435102,16302,273,0.9993729543496985
0.39,0.9638860089852992,0.11522030068561868,0.8847796993143813,435375,435102,16302,273,0.9993729543496985
0.395,0.9638860089852992,0.11522030068561868,0.8847796993143813,435375,435102,16302,273,0.9993729543496985
0.4,0.9638860089852992,0.11522030068561868,0.8847796993143813,435375,435102,16302,273,0.9993729543496985
0.405,0.9638860089852992,0.11522030068561868,0.8847796993143813,435375,435102,16302,273,0.9993729543496985
0.41000000000000003,0.9638860089852992,0.11522030068561868,0.8847796993143813,435375,435102,16302,273,0.9993729543496985
0.41500000000000004,0.9638860089852992,0.11522030068561868,0.8847796993143813,435375,435102,16302,273,0.9993729543496985
0.42,0.9638860089852992,0.11522030068561868,0.8847796993143813,435375,435102,16302,273,0.9993729543496985
0.425,0.9638860089852992,0.11522030068561868,0.8847796993143813,435375,435102,16302,273,0.9993729543496985
0.43,0.9638860089852992,0.11522030068561868,0.8847796993143813,435375,435102,16302,273,0.9993729543496985
0.435,0.9638860089852992,0.11522030068561868,0.8847796993143813,435375,435102,16302,273,0.9993729543496985
0.44,0.9638860089852992,0.11522030068561868,0.8847796993143813,435375,435102,16302,273,0.9993729543496985
0.445,0.9638860089852992,0.11522030068561868,0.8847796993143813,435375,435102,16302,273,0.9993729543496985
0.45,0.9638860089852992,0.11522030068561868,0.8847796993143813,435375,435102,16302,273,0.9993729543496985
0.455,0.9638860089852992,0.11522030068561868,0.8847796993143813,435375,435102,16302,273,0.9993729543496985
0.46,0.9638860089852992,0.11522030068561868,0.8847796993143813,435375,435102,16302,273,0.9993729543496985
0.465,0.9638860089852992,0.11522030068561868,0.8847796993143813,435375,435102,16302,273,0.9993729543496985
0.47000000000000003,0.9638860089852992,0.11522030068561868,0.8847796993143813,435375,435102,16302,273,0.9993729543496985
0.47500000000000003,0.9638860089852992,0.11522030068561868,0.8847796993143813,435375,435102,16302,273,0.9993729543496985
0.48,0.9638860089852992,0.11522030068561868,0.8847796993143813,435375,435102,16302,273,0.9993729543496985
0.485,0.9638860089852992,0.11522030068561868,0.8847796993143813,435375,435102,16302,273,0.9993729543496985
0.49,0.9638860089852992,0.11522030068561868,0.8847796993143813,435375,435102,16302,273,0.9993729543496985
0.495,0.9638860089852992,0.11522030068561868,0.8847796993143813,435375,435102,16302,273,0.9993729543496985
0.5,0.9638860089852992,0.11522030068561868,0.8847796993143813,435375,435102,16302,273,0.9993729543496985
0.505,0.9638616405703095,0.11521315524061491,0.8847868447593851,435348,435091,16313,257,0.9994096676681643
0.51,0.9638616405703095,0.11521315524061491,0.8847868447593851,435348,435091,16313,257,0.9994096676681643
0.515,0.9638616405703095,0.11521315524061491,0.8847868447593851,435348,435091,16313,257,0.9994096676681643
0.52,0.9638616405703095,0.11521315524061491,0.8847868447593851,435348,435091,16313,257,0.9994096676681643
0.525,0.9638616405703095,0.11521315524061491,0.8847868447593851,435348,435091,16313,257,0.9994096676681643
0.53,0.9638616405703095,0.11521315524061491,0.8847868447593851,435348,435091,16313,257,0.9994096676681643
0.535,0.9638616405703095,0.11521315524061491,0.8847868447593851,435348,435091,16313,257,0.9994096676681643
0.54,0.9638616405703095,0.11521315524061491,0.8847868447593851,435348,435091,16313,257,0.9994096676681643
0.545,0.9638616405703095,0.11521315524061491,0.8847868447593851,435348,435091,16313,257,0.9994096676681643
0.55,0.9638616405703095,0.11521315524061491,0.8847868447593851,435348,435091,16313,257,0.9994096676681643
0.555,0.9638616405703095,0.11521315524061491,0.8847868447593851,435348,435091,16313,257,0.9994096676681643
0.56,0.9638616405703095,0.11521315524061491,0.8847868447593851,435348,435091,16313,257,0.9994096676681643
0.5650000000000001,0.9638616405703095,0.11521315524061491,0.8847868447593851,435348,435091,16313,257,0.9994096676681643
0.5700000000000001,0.9638616405703095,0.11521315524061491,0.8847868447593851,435348,435091,16313,257,0.9994096676681643
0.5750000000000001,0.9638616405703095,0.11521315524061491,0.8847868447593851,435348,435091,16313,257,0.9994096676681643
0.579487144947052,0.9638616405703095,0.11521315524061491,0.8847868447593851,435348,435091,16313,257,0.9994096676681643
0.5794872045516968,0.9638594252598559,0.11521236130228117,0.8847876386977188,435345,435090,16314,255,0.9994142576577197
0.5794872641563416,0.9636312482831344,0.11516181389503236,0.8848381861049677,435154,434987,16417,167,0.9996162278181977
0.58,0.9636290329726808,0.11516128460280986,0.8848387153971902,435152,434986,16418,166,0.999618524101923
0.5827220678329468,0.9636290329726808,0.11516128460280986,0.8848387153971902,435152,434986,16418,166,0.999618524101923
0.5827474594116211,0.9636268176622271,0.1151610199566986,0.8848389800433014,435151,434985,16419,166,0.9996185232252712
0.585,0.9636268176622271,0.11516075531058735,0.8848392446894127,435150,434985,16419,165,0.9996208204067563
0.59,0.9636268176622271,0.11516075531058735,0.8848392446894127,435150,434985,16419,165,0.9996208204067563
0.595,0.9636268176622271,0.11516075531058735,0.8848392446894127,435150,434985,16419,165,0.9996208204067563
0.6,0.9636268176622271,0.11516075531058735,0.8848392446894127,435150,434985,16419,165,0.9996208204067563
0.6000000238418579,0.9636268176622271,0.11516075531058735,0.8848392446894127,435150,434985,16419,165,0.9996208204067563
0.605,0.96362238704132,0.11515996137225361,0.8848400386277464,435147,434983,16421,164,0.9996231158665922
0.60564124584198,0.96362238704132,0.11515996137225361,0.8848400386277464,435147,434983,16421,164,0.9996231158665922
0.61,0.9636201717308663,0.11515969672614235,0.8848403032738577,435146,434982,16422,164,0.9996231150004826
0.615,0.9636201717308663,0.11515969672614235,0.8848403032738577,435146,434982,16422,164,0.9996231150004826
0.62,0.9636201717308663,0.11515969672614235,0.8848403032738577,435146,434982,16422,164,0.9996231150004826
0.6231377720832825,0.9636201717308663,0.11515969672614235,0.8848403032738577,435146,434982,16422,164,0.9996231150004826
0.625,0.9636179564204127,0.1151594320800311,0.8848405679199689,435145,434981,16423,164,0.999623114134369
0.63,0.9636179564204127,0.1151594320800311,0.8848405679199689,435145,434981,16423,164,0.999623114134369
0.635,0.9636179564204127,0.1151594320800311,0.8848405679199689,435145,434981,16423,164,0.999623114134369
0.6363635659217834,0.9636179564204127,0.1151594320800311,0.8848405679199689,435145,434981,16423,164,0.999623114134369
0.6363636255264282,0.9636135257995055,0.1151583734955861,0.8848416265044139,435141,434979,16425,162,0.9996277068812178
0.636363685131073,0.9635692195904334,0.11514831694335859,0.8848516830566414,435103,434959,16445,144,0.9996690438815636
0.64,0.9635692195904334,0.11514805229724734,0.8848519477027527,435102,434959,16445,143,0.9996713414325836
0.6421751379966736,0.9635692195904334,0.11514805229724734,0.8848519477027527,435102,434959,16445,143,0.9996713414325836
0.645,0.9635670042799798,0.11514778765113609,0.8848522123488639,435101,434958,16446,143,0.9996713406772221
0.65,0.9635670042799798,0.11514778765113609,0.8848522123488639,435101,434958,16446,143,0.9996713406772221
0.655,0.9635670042799798,0.11514778765113609,0.8848522123488639,435101,434958,16446,143,0.9996713406772221
0.66,0.9635670042799798,0.11514778765113609,0.8848522123488639,435101,434958,16446,143,0.9996713406772221
0.665,0.9635670042799798,0.11514778765113609,0.8848522123488639,435101,434958,16446,143,0.9996713406772221
0.6666666865348816,0.9635670042799798,0.11514778765113609,0.8848522123488639,435101,434958,16446,143,0.9996713406772221
0.67,0.9635559277277118,0.11514646442057984,0.8848535355794201,435096,434953,16451,143,0.9996713369003623
0.675,0.9635559277277118,0.11514646442057984,0.8848535355794201,435096,434953,16451,143,0.9996713369003623
0.68,0.9635559277277118,0.11514646442057984,0.8848535355794201,435096,434953,16451,143,0.9996713369003623
0.685,0.9635559277277118,0.11514646442057984,0.8848535355794201,435096,434953,16451,143,0.9996713369003623
0.6900000000000001,0.9635559277277118,0.11514646442057984,0.8848535355794201,435096,434953,16451,143,0.9996713369003623
0.6950000000000001,0.9635559277277118,0.11514646442057984,0.8848535355794201,435096,434953,16451,143,0.9996713369003623
0.7000000000000001,0.9635559277277118,0.11514646442057984,0.8848535355794201,435096,434953,16451,143,0.9996713369003623
0.705,0.9635559277277118,0.11514646442057984,0.8848535355794201,435096,434953,16451,143,0.9996713369003623
0.71,0.9635559277277118,0.11514646442057984,0.8848535355794201,435096,434953,16451,143,0.9996713369003623
0.715,0.9635559277277118,0.11514646442057984,0.8848535355794201,435096,434953,16451,143,0.9996713369003623
0.72,0.9635559277277118,0.11514646442057984,0.8848535355794201,435096,434953,16451,143,0.9996713369003623
0.725,0.9635559277277118,0.11514646442057984,0.8848535355794201,435096,434953,16451,143,0.9996713369003623
0.73,0.9635559277277118,0.11514646442057984,0.8848535355794201,435096,434953,16451,143,0.9996713369003623
0.735,0.9635559277277118,0.11514646442057984,0.8848535355794201,435096,434953,16451,143,0.9996713369003623
0.74,0.9635559277277118,0.11514646442057984,0.8848535355794201,435096,434953,16451,143,0.9996713369003623
0.745,0.9635559277277118,0.11514646442057984,0.8848535355794201,435096,434953,16451,143,0.9996713369003623
0.75,0.9635559277277118,0.11514646442057984,0.8848535355794201,435096,434953,16451,143,0.9996713369003623
0.755,0.9635559277277118,0.11514646442057984,0.8848535355794201,435096,434953,16451,143,0.9996713369003623
0.76,0.9635559277277118,0.11514646442057984,0.8848535355794201,435096,434953,16451,143,0.9996713369003623
0.765,0.9635559277277118,0.11514646442057984,0.8848535355794201,435096,434953,16451,143,0.9996713369003623
0.77,0.9635559277277118,0.11514646442057984,0.8848535355794201,435096,434953,16451,143,0.9996713369003623
0.775,0.9635559277277118,0.11514646442057984,0.8848535355794201,435096,434953,16451,143,0.9996713369003623
0.78,0.9635559277277118,0.11514646442057984,0.8848535355794201,435096,434953,16451,143,0.9996713369003623
0.785,0.9635559277277118,0.11514646442057984,0.8848535355794201,435096,434953,16451,143,0.9996713369003623
0.79,0.9635559277277118,0.11514646442057984,0.8848535355794201,435096,434953,16451,143,0.9996713369003623
0.795,0.9635559277277118,0.11514646442057984,0.8848535355794201,435096,434953,16451,143,0.9996713369003623
0.8,0.9635559277277118,0.11514646442057984,0.8848535355794201,435096,434953,16451,143,0.9996713369003623
0.8009322881698608,0.9635559277277118,0.11514646442057984,0.8848535355794201,435096,434953,16451,143,0.9996713369003623
0.805,0.9635537124172582,0.11514619977446858,0.8848538002255314,435095,434952,16452,143,0.9996713361449798
0.81,0.9635537124172582,0.11514619977446858,0.8848538002255314,435095,434952,16452,143,0.9996713361449798
0.8150000000000001,0.9635537124172582,0.11514619977446858,0.8848538002255314,435095,434952,16452,143,0.9996713361449798
0.8200000000000001,0.9635537124172582,0.11514619977446858,0.8848538002255314,435095,434952,16452,143,0.9996713361449798
0.8250000000000001,0.9635537124172582,0.11514619977446858,0.8848538002255314,435095,434952,16452,143,0.9996713361449798
0.8300000000000001,0.9635537124172582,0.11514619977446858,0.8848538002255314,435095,434952,16452,143,0.9996713361449798
0.835,0.9635537124172582,0.11514619977446858,0.8848538002255314,435095,434952,16452,143,0.9996713361449798
0.84,0.9635537124172582,0.11514619977446858,0.8848538002255314,435095,434952,16452,143,0.9996713361449798
0.845,0.9635537124172582,0.11514619977446858,0.8848538002255314,435095,434952,16452,143,0.9996713361449798
0.8493149876594543,0.9635537124172582,0.11514619977446858,0.8848538002255314,435095,434952,16452,143,0.9996713361449798
0.8493150472640991,0.9635470664858974,0.11514514119002359,0.8848548588099764,435091,434949,16455,142,0.9996736314931819
0.85,0.9633964253750521,0.1151242341472348,0.8848757658527652,435012,434881,16523,131,0.9996988588820538
0.855,0.9633964253750521,0.1151242341472348,0.8848757658527652,435012,434881,16523,131,0.9996988588820538
0.86,0.9633964253750521,0.1151242341472348,0.8848757658527652,435012,434881,16523,131,0.9996988588820538
0.865,0.9633964253750521,0.1151242341472348,0.8848757658527652,435012,434881,16523,131,0.9996988588820538
0.8684764504432678,0.9633964253750521,0.1151242341472348,0.8848757658527652,435012,434881,16523,131,0.9996988588820538
0.8694576621055603,0.9633942100645985,0.11512396950112355,0.8848760304988764,435011,434880,16524,131,0.9996988581897929
0.87,0.9633919947541448,0.1151237048550123,0.8848762951449877,435010,434879,16525,131,0.9996988574975288
0.8707036972045898,0.9633919947541448,0.1151237048550123,0.8848762951449877,435010,434879,16525,131,0.9996988574975288
0.8707037568092346,0.9631505259147017,0.11509247661388476,0.8849075233861152,434892,434770,16634,122,0.9997194705812018
0.8707038164138794,0.962399535670929,0.11498952927660838,0.8850104707233917,434503,434431,16973,72,0.9998342934341075
0.875,0.9621935117987435,0.11496147678881584,0.8850385232111841,434397,434338,17066,59,0.9998641795408347
0.879432201385498,0.9621935117987435,0.11496147678881584,0.8850385232111841,434397,434338,17066,59,0.9998641795408347
0.88,0.9621868658673827,0.1149606828504821,0.8850393171495179,434394,434335,17069,59,0.9998641786028352
0.885,0.9621868658673827,0.1149606828504821,0.8850393171495179,434394,434335,17069,59,0.9998641786028352
0.89,0.9621868658673827,0.1149606828504821,0.8850393171495179,434394,434335,17069,59,0.9998641786028352
0.8914079666137695,0.9621868658673827,0.1149606828504821,0.8850393171495179,434394,434335,17069,59,0.9998641786028352
0.895,0.962184650556929,0.11496041820437085,0.8850395817956291,434393,434334,17070,59,0.9998641782901658
0.8999999165534973,0.962184650556929,0.11496041820437085,0.8850395817956291,434393,434334,17070,59,0.9998641782901658
0.8999999761581421,0.9621824352464754,0.11496015355825959,0.8850398464417404,434392,434333,17071,59,0.9998641779774949
0.9,0.9621669280733002,0.11495803638936959,0.8850419636106304,434384,434326,17078,58,0.9998664775866515
0.905,0.9621669280733002,0.11495803638936959,0.8850419636106304,434384,434326,17078,58,0.9998664775866515
0.91,0.9621669280733002,0.11495803638936959,0.8850419636106304,434384,434326,17078,58,0.9998664775866515
0.915,0.9621669280733002,0.11495803638936959,0.8850419636106304,434384,434326,17078,58,0.9998664775866515
0.92,0.9621669280733002,0.11495803638936959,0.8850419636106304,434384,434326,17078,58,0.9998664775866515
0.9208765738101867,0.9621669280733002,0.11495803638936959,0.8850419636106304,434384,434326,17078,58,0.9998664775866515
0.925,0.9621669280733002,0.11495803638936959,0.8850419636106304,434384,434326,17078,58,0.9998664775866515
0.93,0.9621669280733002,0.11495803638936959,0.8850419636106304,434384,434326,17078,58,0.9998664775866515
0.935,0.9621669280733002,0.11495803638936959,0.8850419636106304,434384,434326,17078,58,0.9998664775866515
0.9373948342798517,0.9621669280733002,0.11495803638936959,0.8850419636106304,434384,434326,17078,58,0.9998664775866515
0.9400000000000001,0.9621669280733002,0.11495803638936959,0.8850419636106304,434384,434326,17078,58,0.9998664775866515
0.9450000000000001,0.9621669280733002,0.11495803638936959,0.8850419636106304,434384,434326,17078,58,0.9998664775866515
0.9500000000000001,0.9621669280733002,0.11495803638936959,0.8850419636106304,434384,434326,17078,58,0.9998664775866515
0.9504646479104082,0.9621669280733002,0.11495803638936959,0.8850419636106304,434384,434326,17078,58,0.9998664775866515
0.9507298469543457,0.9621669280733002,0.11495803638936959,0.8850419636106304,434384,434326,17078,58,0.9998664775866515
0.9507299065589905,0.9616441148062489,0.11489505061489201,0.885104949385108,434146,434090,17314,56,0.9998710111345032
0.9507299661636353,0.9611567465064554,0.11483021231763567,0.8851697876823643,433901,433870,17534,31,0.9999285551312396
0.9550000000000001,0.9611013637451152,0.11482333151874316,0.8851766684812569,433875,433845,17559,30,0.9999308556611928
0.96,0.9611013637451152,0.11482333151874316,0.8851766684812569,433875,433845,17559,30,0.9999308556611928
0.9608059322515278,0.9611013637451152,0.11482333151874316,0.8851766684812569,433875,433845,17559,30,0.9999308556611928
0.965,0.9611013637451152,0.11482333151874316,0.8851766684812569,433875,433845,17559,30,0.9999308556611928
0.9689883107342522,0.9611013637451152,0.11482333151874316,0.8851766684812569,433875,433845,17559,30,0.9999308556611928
0.97,0.9611013637451152,0.11482333151874316,0.8851766684812569,433875,433845,17559,30,0.9999308556611928
0.9738219380378723,0.9611013637451152,0.11482333151874316,0.8851766684812569,433875,433845,17559,30,0.9999308556611928
0.9738219976425171,0.9610725647092183,0.11481989111929691,0.8851801088807031,433862,433832,17572,30,0.9999308535893902
0.9738220572471619,0.9595617229798584,0.11463543277975542,0.8853645672202446,433165,433150,18254,15,0.9999653711634134
0.975,0.9594952636662502,0.11462669945808415,0.8853733005419159,433132,433120,18284,12,0.9999722948200549
0.9754624889336018,0.9594952636662502,0.11462669945808415,0.8853733005419159,433132,433120,18284,12,0.9999722948200549
0.9784945845603943,0.9594952636662502,0.11462669945808415,0.8853733005419159,433132,433120,18284,12,0.9999722948200549
0.9784946441650391,0.9594930483557966,0.1146264348119729,0.8853735651880271,433131,433119,18285,12,0.99997229475609
0.9784947037696838,0.9593357613135904,0.11460738029196288,0.8853926197080371,433059,433048,18356,11,0.9999745993040209
0.98,0.9593291153822296,0.11460658635362914,0.8853934136463708,433056,433045,18359,11,0.9999745991280573
0.9805850805425612,0.9593291153822296,0.11460658635362914,0.8853934136463708,433056,433045,18359,11,0.9999745991280573
0.983668327331543,0.9593291153822296,0.11460658635362914,0.8853934136463708,433056,433045,18359,11,0.9999745991280573
0.9837397933006287,0.959326900071776,0.11460632170751787,0.8853936782924822,433055,433044,18360,11,0.9999745990694022
0.9837398529052734,0.9593069622776936,0.11460393989251663,0.8853960601074834,433046,433035,18369,11,0.9999745985414944
0.9837399125099182,0.959158536477302,0.11458515001861785,0.8854148499813821,432975,432968,18436,7,0.9999838327848029
0.9846382505332817,0.9591496752354876,0.11458409143417285,0.8854159085658272,432971,432964,18440,7,0.9999838326354421
0.985,0.9591496752354876,0.11458409143417285,0.8854159085658272,432971,432964,18440,7,0.9999838326354421
0.9872611165046692,0.9591496752354876,0.11458409143417285,0.8854159085658272,432971,432964,18440,7,0.9999838326354421
0.987261176109314,0.9590876465427866,0.11457668134305785,0.8854233186569421,432943,432936,18468,7,0.9999838315898397
0.9872612357139587,0.9587996561838176,0.11454095411803905,0.8854590458819609,432808,432806,18598,2,0.9999953790133269
0.9878452574992371,0.9587952255629104,0.11454042482581654,0.8854595751741835,432806,432804,18600,2,0.9999953789919733
0.99,0.9587952255629104,0.11454042482581654,0.8854595751741835,432806,432804,18600,2,0.9999953789919733
0.990382751288847,0.9587952255629104,0.11454042482581654,0.8854595751741835,432806,432804,18600,2,0.9999953789919733
0.9923905033145402,0.9587952255629104,0.11454042482581654,0.8854595751741835,432806,432804,18600,2,0.9999953789919733
0.9939791055066639,0.9587952255629104,0.11454042482581654,0.8854595751741835,432806,432804,18600,2,0.9999953789919733
0.995,0.9587952255629104,0.11454042482581654,0.8854595751741835,432806,432804,18600,2,0.9999953789919733
0.9952360619895987,0.9587952255629104,0.11454042482581654,0.8854595751741835,432806,432804,18600,2,0.9999953789919733
0.9962306090246117,0.9587952255629104,0.11454042482581654,0.8854595751741835,432806,432804,18600,2,0.9999953789919733
0.9970175287137831,0.9587952255629104,0.11454042482581654,0.8854595751741835,432806,432804,18600,2,0.9999953789919733
0.9974873661994934,0.9587952255629104,0.11454042482581654,0.8854595751741835,432806,432804,18600,2,0.9999953789919733
0.9974874258041382,0.958746488732931,0.11453460261136904,0.885465397388631,432784,432782,18622,2,0.9999953787570705
0.997487485408783,0.9580951874595706,0.11445653200855019,0.8855434679914498,432489,432488,18916,1,0.9999976878024643
0.9976401665332179,0.9580265128355088,0.11444832797910143,0.8855516720208986,432458,432457,18947,1,0.9999976876367185
0.9981328189087081,0.9580265128355088,0.11444832797910143,0.8855516720208986,432458,432457,18947,1,0.9999976876367185
0.9981981515884399,0.9580265128355088,0.11444832797910143,0.8855516720208986,432458,432457,18947,1,0.9999976876367185
0.9981982111930847,0.957731876545179,0.11441313004630513,0.8855868699536948,432325,432324,19080,1,0.9999976869253455
0.9981982707977295,0.9570229772000248,0.11432844329070502,0.885671556709295,432005,432004,19400,1,0.9999976852119767
0.9985226223474015,0.9568147380173857,0.11430356655624749,0.8856964334437525,431911,431910,19494,1,0.9999976847081922
0.9986155033111572,0.9568147380173857,0.11430356655624749,0.8856964334437525,431911,431910,19494,1,0.9999976847081922
0.9988310481835014,0.9568125227069322,0.11430330191013624,0.8856966980898637,431910,431909,19495,1,0.9999976847028316
0.9990750852722783,0.9568125227069322,0.11430330191013624,0.8856966980898637,431910,431909,19495,1,0.9999976847028316
0.9992681757780923,0.9568125227069322,0.11430330191013624,0.8856966980898637,431910,431909,19495,1,0.9999976847028316
0.9994209556019398,0.9568125227069322,0.11430330191013624,0.8856966980898637,431910,431909,19495,1,0.9999976847028316
0.9995418402330946,0.9568125227069322,0.11430330191013624,0.8856966980898637,431910,431909,19495,1,0.9999976847028316
0.9996374882950011,0.9568125227069322,0.11430330191013624,0.8856966980898637,431910,431909,19495,1,0.9999976847028316
0.9997131683186657,0.9568125227069322,0.11430330191013624,0.8856966980898637,431910,431909,19495,1,0.9999976847028316
0.9997654557228088,0.9568125227069322,0.11430330191013624,0.8856966980898637,431910,431909,19495,1,0.9999976847028316
0.9997655153274536,0.9568036614651177,0.11430224332569124,0.8856977566743087,431906,431905,19499,1,0.999997684681389
0.9997655749320984,0.9473243480341335,0.113169822615651,0.886830177384349,427627,427626,23778,1,0.9999976615134217
0.9997730489463306,0.9473199174132263,0.11316902867731726,0.8868309713226827,427624,427624,23780,0,1.0
0.9998204285505629,0.9473199174132263,0.11316902867731726,0.8868309713226827,427624,427624,23780,0,1.0
0.9998579169167466,0.9473199174132263,0.11316902867731726,0.8868309713226827,427624,427624,23780,0,1.0
0.9998875789964938,0.9473199174132263,0.11316902867731726,0.8868309713226827,427624,427624,23780,0,1.0
0.9999110486502689,0.9473199174132263,0.11316902867731726,0.8868309713226827,427624,427624,23780,0,1.0
0.9999296186444507,0.9473199174132263,0.11316902867731726,0.8868309713226827,427624,427624,23780,0,1.0
0.9999443118600906,0.9473199174132263,0.11316902867731726,0.8868309713226827,427624,427624,23780,0,1.0
0.9999559376357222,0.9473199174132263,0.11316902867731726,0.8868309713226827,427624,427624,23780,0,1.0
0.9999651363477232,0.9473199174132263,0.11316902867731726,0.8868309713226827,427624,427624,23780,0,1.0
0.9999724146838237,0.9473199174132263,0.11316902867731726,0.8868309713226827,427624,427624,23780,0,1.0
0.999978173552716,0.9473199174132263,0.11316902867731726,0.8868309713226827,427624,427624,23780,0,1.0
0.9999827301670934,0.9473199174132263,0.11316902867731726,0.8868309713226827,427624,427624,23780,0,1.0
0.9999863355165071,0.9473199174132263,0.11316902867731726,0.8868309713226827,427624,427624,23780,0,1.0
0.9999891881924893,0.9473199174132263,0.11316902867731726,0.8868309713226827,427624,427624,23780,0,1.0
0.9999914453274644,0.9473199174132263,0.11316902867731726,0.8868309713226827,427624,427624,23780,0,1.0
0.9999932312499905,0.9473199174132263,0.11316902867731726,0.8868309713226827,427624,427624,23780,0,1.0
0.9999946443330823,0.9473199174132263,0.11316902867731726,0.8868309713226827,427624,427624,23780,0,1.0
0.9999957624128394,0.9473199174132263,0.11316902867731726,0.8868309713226827,427624,427624,23780,0,1.0
0.9999966470758508,0.9473199174132263,0.11316902867731726,0.8868309713226827,427624,427624,23780,0,1.0
0.9999973470515355,0.9473199174132263,0.11316902867731726,0.8868309713226827,427624,427624,23780,0,1.0
0.9999979008962799,0.9473199174132263,0.11316902867731726,0.8868309713226827,427624,427624,23780,0,1.0
0.9999983391172174,0.9473199174132263,0.11316902867731726,0.8868309713226827,427624,427624,23780,0,1.0
0.9999986858526374,0.9473199174132263,0.11316902867731726,0.8868309713226827,427624,427624,23780,0,1.0
0.9999989602015815,0.9473199174132263,0.11316902867731726,0.8868309713226827,427624,427624,23780,0,1.0
0.9999991772758658,0.9473199174132263,0.11316902867731726,0.8868309713226827,427624,427624,23780,0,1.0
0.999999349032477,0.9473199174132263,0.11316902867731726,0.8868309713226827,427624,427624,23780,0,1.0
0.9999994849321924,0.9473199174132263,0.11316902867731726,0.8868309713226827,427624,427624,23780,0,1.0
0.9999995924607035,0.9473199174132263,0.11316902867731726,0.8868309713226827,427624,427624,23780,0,1.0
0.9999996775409454,0.9473199174132263,0.11316902867731726,0.8868309713226827,427624,427624,23780,0,1.0
0.999999744859348,0.9473199174132263,0.11316902867731726,0.8868309713226827,427624,427624,23780,0,1.0
0.9999997981239745,0.9473199174132263,0.11316902867731726,0.8868309713226827,427624,427624,23780,0,1.0
0.999999840268772,0.9473199174132263,0.11316902867731726,0.8868309713226827,427624,427624,23780,0,1.0
0.9999998736151797,0.9473199174132263,0.11316902867731726,0.8868309713226827,427624,427624,23780,0,1.0
0.9999999,0.9473199174132263,0.11316902867731726,0.8868309713226827,427624,427624,23780,0,1.0
1.0,0.9473199174132263,0.11316902867731726,0.8868309713226827,427624,427624,23780,0,1.0
