model,view,accuracy,balanced_accuracy,precision_macro,recall_macro_DR,f1_macro,precision_weighted,recall_weighted,f1_weighted,binary_precision,binary_recall_DR,binary_f1,TNR_specificity,FPR,FNR,TP,FP,FN,TN,MCC,cohen_kappa,ROC_AUC_binary,PR_AUC_binary,ROC_AUC_macro_ovr,ROC_AUC_weighted_ovr
balanced_rf,as_sampled,0.6051098929744662,0.8249967753244355,0.7153773223808234,0.8249967753244355,0.6544527626858877,0.9925191828443238,0.6051098929744662,0.744587874366275,0.24261572174964377,0.9957798335858787,0.3901691054821702,0.5782611165393885,0.4217388834606115,0.004220166414121275,449499.0,1403221.0,1905.0,1924006.0,0.41486327400733425,0.2746108701572393,0.9920941257560347,0.9807548202759356,,
balanced_rf,natural_prior,0.5809722338979747,,0.7005010536880877,0.8249967753233073,0.6444853585390135,0.9989618503456784,0.580972233890023,0.7338442383266459,0.028022154916173218,0.9957798335858787,0.054510339054862564,0.5782611165423196,0.42173888345768035,0.004220166414121275,449499.0,15591344.444913782,1905.0,21377844.44534491,,0.037270832305606905,0.9920941257563526,0.9671646907341348,,
cascade,as_sampled,0.9724656892932917,0.7953681741468593,0.8376507058422058,0.7953681741468593,0.752363537967807,0.9945995158497626,0.9724656892932917,0.9805515154262701,0.9973458142711762,0.9639568989198146,0.9803671527189488,0.9996519624299754,0.00034803757002452795,0.03604310108018538,435134.0,1158.0,16270.0,3326069.0,0.8751024119558695,0.8728890181821275,0.9919262678507395,0.9806056579036112,,
cascade,natural_prior,0.9969067655606002,,0.7660038694390309,0.7953681741468583,0.7357398861629381,0.999130936432826,0.9969067655607451,0.9978026867414097,0.9712798046431255,0.9639568989198146,0.9676044969005313,0.999651962429995,0.0003480375700051289,0.03604310108018538,435134.0,12866.666666666859,16270.0,36956322.224283375,,0.8702738290262703,0.9919262678510541,0.9690597161895161,,
cascade_unweighted,as_sampled,0.9741358709013926,0.553855558749585,0.5804339686804179,0.553855558749585,0.5606262758284611,0.9792759415164294,0.9741358709013926,0.9763238425847773,0.9961569889470516,0.9641429849979176,0.9798885738055007,0.9994953755785223,0.000504624421477705,0.03585701500208239,435218.0,1679.0,16186.0,3325548.0,0.880467895982119,0.8800408069614096,0.991913677486094,0.980630498308787,,
cascade_unweighted,natural_prior,0.9969346408835331,,0.5531125583659448,0.5538555587495837,0.5478617623384174,0.9976060108010252,0.9969346408836648,0.997243240770648,0.9588970202665041,0.9641429849979176,0.9615128472568969,0.9994953755785505,0.0005046244214495745,0.03585701500208239,435218.0,18655.555555555482,16186.0,36950533.335394055,,0.8722049919508397,0.9919136774864101,0.9689392354869257,,
catboost,as_sampled,0.5608724429561923,0.8217123467380455,0.7140562921021456,0.8217123467380455,0.643473266282907,0.992474686066788,0.5608724429561923,0.7082075428479274,0.22404649097126378,0.996871981639507,0.3658650015447908,0.5315967320534487,0.4684032679465513,0.0031280183604930397,449992.0,1558484.0,1412.0,1768743.0,0.390160200254073,0.24374799562727467,0.99101568559595,0.979042799042291,,
catboost,natural_prior,0.5345529147385443,,0.6882610003890514,0.8217123467367925,0.6287016913973994,0.9987558472292536,0.5345529147297157,0.6953929070599214,0.025328144768716487,0.996871981639507,0.04940112452453242,0.5315967320546321,0.4684032679453679,0.0031280183604930397,449992.0,17316488.88948676,1412.0,19652700.000771932,,0.03189469498568054,0.9910156855962882,0.964843706836453,,
extratrees,as_sampled,0.5863613038690467,0.8317113982491952,0.7166074699566386,0.8317113982491952,0.6236467834441267,0.9926315552146213,0.5863613038690467,0.7291075942314174,0.2427802982011368,0.9947541448458587,0.39030300817788743,0.5790726031016219,0.42092739689837816,0.005245855154141301,449036.0,1400521.0,2368.0,1926706.0,0.3648198635169575,0.24115454105722944,0.9916815073291648,0.9802951199931895,,
extratrees,natural_prior,0.5798085965358064,,0.7141005812525438,0.8317113982480692,0.6197152488671243,0.9992205373633261,0.5798085965279784,0.7329749080541961,0.0280465540181569,0.9947541448458587,0.05455496049072247,0.5790726031045834,0.42092739689541664,0.005245855154141301,449036.0,15561344.444911547,2368.0,21407844.445347145,,0.032845792535144525,0.9916815073294877,0.9681669759539706,,
lightgbm,as_sampled,0.5925069158645022,0.8253110848568254,0.7166383373254709,0.8253110848568254,0.6537399762891463,0.9930230388063488,0.5925069158645022,0.7343936718288858,0.23654753182646207,0.9970447758548883,0.38237670481626257,0.5634226339230837,0.43657736607691633,0.002955224145111696,450070.0,1452592.0,1334.0,1874635.0,0.4108968131780066,0.2670011945013685,0.9923353178287325,0.9811426565219535,,
lightgbm,natural_prior,0.5663594866256291,,0.7137937657681862,0.8253110848556572,0.6495072872975529,0.9992694526560202,0.5663594866173902,0.7221094961376202,0.027129024256948353,0.9970447758548883,0.052820823782989273,0.5634226339254591,0.4365773660745409,0.002955224145111696,450070.0,16139911.11162132,1334.0,20829277.778637372,,0.03579563250938833,0.9923353178290456,0.9690826091386486,,
lightgbm_unweighted,as_sampled,0.9882261591565834,0.7417106147783942,0.747681021011157,0.7417106147783942,0.7423613932363543,0.9877762167423524,0.9882261591565834,0.9879165815049862,0.9509852762701932,0.9599494023092396,0.9554463140928469,0.9932875033774371,0.006712496622562873,0.04005059769076038,433325.0,22334.0,18079.0,3304893.0,0.9463467409766202,0.9463215272999923,0.9824860365341251,0.9100679451859814,,
lightgbm_unweighted,natural_prior,0.9927764224271333,,0.5776711447840247,0.7417106147783762,0.6341811625156574,0.9966637545924837,0.9927764224270372,0.9944515903172496,0.6358582008940823,0.9599494023092396,0.7649940991338072,0.9932875033778049,0.0067124966221950326,0.04005059769076038,433325.0,248155.55555567544,18079.0,36721033.335376956,,0.7590386619565348,0.9824860365346477,0.538323170409345,,
logreg,as_sampled,0.5419513045862377,0.7757672692614828,0.6238736110342028,0.7757672692614828,0.5435308893327939,0.9770721186222514,0.5419513045862377,0.6851864998997601,0.22569555708502065,0.98143348308832,0.3669950259430475,0.543193175578342,0.45680682442165804,0.018566516911680004,443023.0,1519900.0,8381.0,1807327.0,0.3111312530191586,0.19914333018763464,0.9793816796022501,0.9300386312254374,,
logreg,natural_prior,0.5430677747798377,,0.41888657481048636,0.7757672692602607,0.3907152040570497,0.9932800535057866,0.5430677747713935,0.7001106775781559,0.02556275417770318,0.98143348308832,0.04982767947190665,0.5431931755799597,0.45680682442004034,0.018566516911680004,443023.0,16887777.778343707,8381.0,20081411.111914985,,0.026328678363191527,0.9793816796028358,0.6942391434524914,,
mlp,as_sampled,0.9426154604670316,0.7772485678330866,0.7292019730561454,0.7772485678330866,0.7343581433946851,0.988759986434868,0.9426154604670316,0.9641768290122313,0.6850116250976602,0.9672842952211322,0.8020367040221598,0.939656055928856,0.06034394407114393,0.03271570477886771,436636.0,200778.0,14768.0,3126449.0,0.7975661116038475,0.7805205363783073,0.9898656281996968,0.9754085853177887,,
mlp,natural_prior,0.9399548886534654,,0.667275634691514,0.7772485678329252,0.6873156805997176,0.9981842734056972,0.9399548886523327,0.9680198914049142,0.1636871840685144,0.9672842952211322,0.27999298899719677,0.9396560559322038,0.060343944067796154,0.03271570477886771,436636.0,2230866.6666567074,14768.0,34738322.22411812,,0.27116316609497904,0.9898656282000557,0.94000242047801,,
randomforest,as_sampled,0.6348042452411998,0.8261241430021727,0.7168041350698514,0.8261241430021727,0.6633577410723422,0.9928607234414221,0.6348042452411998,0.7677425003211628,0.2563508364571941,0.9959238287653632,0.4077474593104199,0.608039367316988,0.391960632683012,0.004076171234636822,449564.0,1304142.0,1840.0,2023085.0,0.4362174142590756,0.2993509514528895,0.9930030958941773,0.9822330456024951,,
randomforest,natural_prior,0.6107420128292046,,0.7138193332115302,0.8261241430011241,0.658775941580495,0.9992644727109099,0.6107420128218042,0.7573893658086898,0.030091236759691452,0.9959238287653632,0.058417426279526966,0.6080393673210344,0.3919606326789656,0.004076171234636822,449564.0,14490466.667053983,1840.0,22478722.22320471,,0.04171821167149803,0.9930030958944773,0.9701522196559589,,
voting,as_sampled,0.577140239414751,0.7924110560892829,0.6311533881062779,0.7924110560892829,0.5584593915605583,0.9874969813407585,0.577140239414751,0.7193677299547204,0.24031741860499897,0.9967324170809297,0.3872635598063721,0.5725272126007633,0.42747278739923666,0.0032675829190702784,449929.0,1422299.0,1475.0,1904928.0,0.35340183221314575,0.23170603418803426,0.9924625329909839,0.9813554096414353,,
voting,natural_prior,0.5729930236630016,,0.6282203602848445,0.7924110560881392,0.5539512979874799,0.9987213488065468,0.5729930236550675,0.7272528302580532,0.02768239989860458,0.9967324170809297,0.05386869636050619,0.5725272126034797,0.4274727873965203,0.0032675829190702784,449929.0,15803322.222707354,1475.0,21165866.66755134,,0.031445186437004335,0.9924625329912948,0.9693427790340664,,
xgboost,as_sampled,0.6072434699233664,0.8273782148998597,0.7166214669171561,0.8273782148998595,0.6557234759612914,0.9929009545459474,0.6072434699233664,0.746359009930495,0.24360764601693216,0.9963270152679197,0.39149301399638053,0.5802979478105942,0.41970205218940576,0.0036729847320803536,449746.0,1396444.0,1658.0,1930783.0,0.4167919533246968,0.27650675541254766,0.9924689247273204,0.9813864435747222,,
xgboost,natural_prior,0.5830188342879632,,0.7131133411742506,0.8273782148987368,0.6510700747566818,0.9992598028084693,0.5830188342800484,0.7355989129177356,0.02816935381629558,0.9963270152679197,0.05478962943500427,0.5802979478136017,0.41970205218639833,0.0036729847320803536,449746.0,15516044.444908172,1658.0,21453144.44535052,,0.03759606526548265,0.9924689247276306,0.9693569273416496,,
cascade_tuned_argmax,as_sampled,0.9818325737548863,0.789668832481743,0.8427958523585709,0.789668832481743,0.7658308793121915,0.9948316095388297,0.9818325737548863,0.9867096840949032,0.9981127575753407,0.96424267396833,0.9808854184272499,0.9997526468738082,0.0002473531261918709,0.035757326031670075,435263.0,823.0,16141.0,3326404.0,0.9167619452528132,0.9158467515088518,0.9921739082958112,0.9810777131265305,,
cascade_tuned_argmax,natural_prior,0.997943126003562,,0.7783082180018379,0.7896688324817424,0.7526287527548181,0.9991868865761574,0.9979431260036572,0.9984849189182126,0.9794232869886261,0.96424267396833,0.971773697912363,0.9997526468738218,0.0002473531261780816,0.035757326031670075,435263.0,9144.444444444569,16141.0,36960044.446505874,,0.9133676193269717,0.9921739082961237,0.9693029511412484,,
cascade_tuned_tau,as_sampled,0.9951675620085687,0.7799207849477917,0.9275142782221891,0.7799207849477917,0.8136251287692634,0.9946384763886569,0.9951675620085687,0.9940400848197553,0.9963815217291795,0.9644198988046184,0.9801402184778595,0.9995248295352256,0.00047517046477442025,0.03558010119538152,435343.0,1581.0,16061.0,3325646.0,0.9777216123945855,0.977530893394519,0.9921739082958112,0.9810777131265305,,
cascade_tuned_tau,natural_prior,0.999084844359138,,0.8405633305063928,0.7799207849477904,0.7947434618036203,0.9990060989242974,0.9990848443591535,0.9990399337648167,0.9612137519696421,0.9644198988046184,0.9628141562975235,0.9995248295352521,0.00047517046474793476,0.03558010119538152,435343.0,17566.66666666675,16061.0,36951622.224283025,,0.9617979012183963,0.9921739082961237,0.9693029511412484,,
flat_tuned_argmax,as_sampled,0.9952445740269426,0.7813866320084176,0.9650292706099368,0.7813866320084177,0.8171003244487077,0.9946170582515286,0.9952445740269426,0.9941535233746073,0.9966220700577177,0.9647189657158555,0.9804110504999111,0.9995563873459791,0.0004436126540209009,0.03528103428414458,435478.0,1476.0,15926.0,3325751.0,0.9780773382359724,0.9778905541594526,0.9925309435243783,0.9815714009147203,,
flat_tuned_argmax,natural_prior,0.9991209920137378,,0.8617162486636574,0.7813866320084166,0.7949924641149074,0.9991198254636835,0.9991209920137536,0.9991170861892124,0.9637070182659646,0.9647189657158555,0.964212726479646,0.9995563873460038,0.0004436126539961781,0.03528103428414458,435478.0,16400.000000000255,15926.0,36952788.89094978,,0.9632667378905709,0.9925309435246858,0.9696597059203145,,
flat_tuned_tau,as_sampled,0.995360224377559,0.780972908879213,0.9576722880791119,0.780972908879213,0.8171522873728747,0.99491570329202,0.995360224377559,0.9942282576954334,0.997857008613221,0.9644819274973194,0.9808856495927725,0.9997189852090044,0.0002810147909956249,0.03551807250268053,435371.0,935.0,16033.0,3326292.0,0.9786175731065394,0.9784131683868695,0.9925309435243783,0.9815714009147203,,
flat_tuned_tau,natural_prior,0.9992788492430086,,0.8205002299737864,0.7809729088792122,0.7952117882614882,0.9991763502982398,0.9992788492430277,0.9992215317956294,0.9766939799926986,0.9644819274973194,0.970549540372585,0.99971898520902,0.00028101479097996,0.03551807250268053,435371.0,10388.888888889036,16033.0,36958800.00206134,,0.9696587897389217,0.9925309435246858,0.9696597059203145,,
